CREATE TABLE clientes (
    cliente_id INT PRIMARY KEY,
    nombre VARCHAR(100),
    email VARCHAR(100),
    ciudad VARCHAR(50),
    fecha_alta DATE,
    estado VARCHAR(20),
    telefono VARCHAR(30)
);

INSERT INTO clientes VALUES (1, 'Martín García', 'martin.garcia@gmail.com', 'Buenos Aires', '2025-01-12', 'activo', '+54 9 125 3286-2679');
INSERT INTO clientes VALUES (2, 'Lucía Fernández', 'lucia.fernandez@live.com.ar', 'Córdoba', '2024-08-03', 'activo', '+54 9 27 1488-2535');
INSERT INTO clientes VALUES (3, 'Juan Rodríguez', 'juan.rodriguez@hotmail.com', 'Mendoza', '2024-09-16', 'activo', '+54 9 24 4257-9928');
INSERT INTO clientes VALUES (4, 'María López', 'maria.lopez@outlook.com', 'Mendoza', '2024-10-15', 'activo', '+54 9 153 1106-3615');
INSERT INTO clientes VALUES (5, 'Carlos Martínez', 'carlos.martinez@outlook.com', 'La Plata', '2025-01-10', 'activo', '+54 9 121 6514-2674');
INSERT INTO clientes VALUES (6, 'Ana González', 'ana.gonzalez@gmail.com', 'Mar del Plata', '2025-04-13', 'activo', '+54 9 187 5333-1711');
INSERT INTO clientes VALUES (7, 'Diego Pérez', 'diego.perez@outlook.com', 'Santa Fe', '2025-03-30', 'activo', '+54 9 51 5803-6925');
INSERT INTO clientes VALUES (8, 'Valentina Sánchez', 'valentina.sanchez@live.com.ar', 'Mendoza', '2025-04-27', 'activo', '+54 9 349 4733-5741');
INSERT INTO clientes VALUES (9, 'Federico Romero', 'federico.romero@gmail.com', 'Posadas', '2025-02-02', 'activo', '+54 9 205 5554-8428');
INSERT INTO clientes VALUES (10, 'Camila Díaz', 'camila.diaz@yahoo.com.ar', 'Rosario', '2024-11-24', 'activo', '+54 9 118 5374-2169');
INSERT INTO clientes VALUES (11, 'Pablo Torres', 'pablo.torres@live.com.ar', 'Neuquén', '2025-03-06', 'activo', '+54 9 136 3677-8573');
INSERT INTO clientes VALUES (12, 'Sofía Álvarez', 'sofia.alvarez@outlook.com', 'Tucumán', '2024-07-09', 'activo', '+54 9 296 4598-6313');
INSERT INTO clientes VALUES (13, 'Matías Ruiz', 'matias.ruiz@gmail.com', 'Mendoza', '2025-05-16', 'activo', '+54 9 216 5386-2084');
INSERT INTO clientes VALUES (14, 'Florencia Castro', 'florencia.castro@hotmail.com', 'Paraná', '2024-08-15', 'inactivo', '+54 9 172 4483-9179');
INSERT INTO clientes VALUES (15, 'Nicolás Morales', 'nicolas.morales@outlook.com', 'Paraná', '2024-07-07', 'activo', '+54 9 84 5339-3287');
INSERT INTO clientes VALUES (16, 'Julieta Acosta', 'nicolas.morales@outlook.com', 'Bahía Blanca', '2024-08-18', 'activo', '+54 9 145 8019-7543');
INSERT INTO clientes VALUES (17, 'Tomás Herrera', 'tomas.herrera@yahoo.com.ar', 'Mendoza', '2025-03-23', 'activo', '+54 9 263 2489-1771');
INSERT INTO clientes VALUES (18, 'Agustina Molina', 'agustina.molina@gmail.com', 'Rosario', '2024-07-15', 'activo', '+54 9 359 7916-2040');
INSERT INTO clientes VALUES (19, 'Sebastián Núñez', 'sebastian.nunez@outlook.com', 'Mar del Plata', '2024-07-31', 'activo', '+54 9 281 5119-1188');
INSERT INTO clientes VALUES (20, 'Milagros Medina', 'milagros.medina@gmail.com', 'Neuquén', '2024-08-31', 'inactivo', '+54 9 147 6573-2827');
INSERT INTO clientes VALUES (21, 'Lucas Ortiz', 'lucas.ortiz@yahoo.com.ar', 'Mar del Plata', '2025-03-13', 'activo', '+54 9 12 5315-9201');
INSERT INTO clientes VALUES (22, 'Daniela Suárez', 'daniela.suarez@hotmail.com', 'Santa Fe', '2025-04-08', 'activo', '+54 9 163 9317-4258');
INSERT INTO clientes VALUES (23, 'Ezequiel Vega', 'ezequiel.vega@hotmail.com', 'La Plata', '2025-03-11', 'activo', '+54 9 282 1009-6310');
INSERT INTO clientes VALUES (24, 'Carolina Giménez', 'carolina.gimenez@outlook.com', 'Buenos Aires', '2025-04-05', 'activo', '+54 9 168 4923-1949');
INSERT INTO clientes VALUES (25, 'Facundo Cabrera', 'facundo.cabrera@hotmail.com', 'Paraná', '2024-08-15', 'activo', '+54 9 54 8962-2133');
INSERT INTO clientes VALUES (26, 'Rocío Flores', 'rocio.flores@live.com.ar', 'Resistencia', '2025-03-29', 'activo', '+54 9 348 8787-3705');
INSERT INTO clientes VALUES (27, 'Ignacio Ríos', 'ignacio.rios@yahoo.com.ar', 'Santa Fe', '2024-07-26', 'activo', '+54 9 119 9835-4295');
INSERT INTO clientes VALUES (28, 'Candela Domínguez', 'candela.dominguez@yahoo.com.ar', 'Mar del Plata', '2024-07-04', 'activo', '+54 9 235 9479-8397');
INSERT INTO clientes VALUES (29, 'Joaquín Peralta', 'joaquin.peralta@gmail.com', 'Mendoza', '2025-02-06', 'activo', '+54 9 184 1344-4770');
INSERT INTO clientes VALUES (30, 'Abril Figueroa', 'abril.figueroa@live.com.ar', 'Mendoza', '2025-05-29', 'activo', '+54 9 373 1964-4750');
INSERT INTO clientes VALUES (31, 'Ramiro Aguirre', 'abril.figueroa@live.com.ar', 'Paraná', '2025-05-16', 'activo', '+54 9 47 9423-4899');
INSERT INTO clientes VALUES (32, 'Ailén Sosa', 'ailen.sosa@yahoo.com.ar', 'Neuquén', '2024-09-26', 'activo', '+54 9 287 3167-8744');
INSERT INTO clientes VALUES (33, 'Lautaro Paz', 'lautaro.paz@hotmail.com', 'Resistencia', '2024-10-02', 'activo', '+54 9 108 2545-2588');
INSERT INTO clientes VALUES (34, 'Micaela Ramírez', 'micaela.ramirez@outlook.com', 'La Plata', '2024-10-28', 'activo', '+54 9 250 1887-2612');
INSERT INTO clientes VALUES (35, 'Franco Navarro', 'franco.navarro@gmail.com', 'Mar del Plata', '2024-12-10', 'activo', '+54 9 138 4139-4116');
INSERT INTO clientes VALUES (36, 'Bianca Rojas', 'bianca.rojas@live.com.ar', 'Salta', '2025-03-22', 'activo', '+54 9 104 5563-8579');
INSERT INTO clientes VALUES (37, 'Thiago Gutiérrez', 'thiago.gutierrez@hotmail.com', 'Posadas', '2025-04-24', 'activo', '+54 9 292 2604-1828');
INSERT INTO clientes VALUES (38, 'Emilia Luna', 'emilia.luna@live.com.ar', 'Posadas', '2025-05-25', 'activo', '+54 9 132 3724-7658');
INSERT INTO clientes VALUES (39, 'Santiago Vargas', 'santiago.vargas@outlook.com', 'Salta', '2025-02-12', 'activo', '+54 9 41 3697-7209');
INSERT INTO clientes VALUES (40, 'Renata Ojeda', 'renata.ojeda@gmail.com', 'Mar del Plata', '2025-01-17', 'activo', '+54 9 157 7930-8973');
INSERT INTO clientes VALUES (41, 'Maximiliano Silva', 'maximiliano.silva@hotmail.com', 'Mendoza', '2025-01-01', 'activo', '+54 9 40 9883-1998');
INSERT INTO clientes VALUES (42, 'Catalina Méndez', 'catalina.mendez@yahoo.com.ar', 'Buenos Aires', '2025-05-07', 'activo', '+54 9 255 9238-9701');
INSERT INTO clientes VALUES (43, 'Bruno Campos', 'bruno.campos@hotmail.com', 'Buenos Aires', '2024-09-14', 'activo', '+54 9 106 2122-2113');
INSERT INTO clientes VALUES (44, 'Victoria Godoy', 'victoria.godoy@hotmail.com', 'Mar del Plata', '2025-04-01', 'activo', '+54 9 137 1651-2343');
INSERT INTO clientes VALUES (45, 'Gonzalo Arias', 'gonzalo.arias@outlook.com', 'Neuquén', '2024-08-07', 'activo', '+54 9 278 6183-5272');
INSERT INTO clientes VALUES (46, 'Pilar Ledesma', 'gonzalo.arias@outlook.com', 'Neuquén', '2024-12-23', 'activo', '+54 9 146 7484-3144');
INSERT INTO clientes VALUES (47, 'Iván Córdoba', 'ivan.cordoba@yahoo.com.ar', 'Salta', '2024-12-22', 'inactivo', '+54 9 48 1152-8508');
INSERT INTO clientes VALUES (48, 'Delfina Bustos', 'delfina.bustos@live.com.ar', 'San Juan', '2025-04-11', 'activo', '+54 9 286 4492-9288');
INSERT INTO clientes VALUES (49, 'Adrián Villalba', 'adrian.villalba@yahoo.com.ar', 'Rosario', '2024-12-05', 'activo', '+54 9 136 7054-5669');
INSERT INTO clientes VALUES (50, 'Jazmín Pereyra', 'jazmin.pereyra@hotmail.com', 'Salta', '2024-08-27', 'inactivo', '+54 9 165 9666-1128');
INSERT INTO clientes VALUES (51, 'Andrés Blanco', 'andres.blanco@live.com.ar', 'Tucumán', '2025-04-09', 'activo', '+54 9 146 2891-2753');
INSERT INTO clientes VALUES (52, 'Paula Quiroga', 'paula.quiroga@live.com.ar', 'Rosario', '2025-01-13', 'activo', '+54 9 320 4450-6617');
INSERT INTO clientes VALUES (53, 'Rodrigo Maidana', 'rodrigo.maidana@hotmail.com', 'Neuquén', '2024-07-12', 'activo', '+54 9 269 9004-5114');
INSERT INTO clientes VALUES (54, 'Clara Ibáñez', 'clara.ibanez@gmail.com', 'Córdoba', '2024-07-12', 'activo', '+54 9 152 1722-1058');
INSERT INTO clientes VALUES (55, 'Marcos Vera', 'marcos.vera@yahoo.com.ar', 'Resistencia', '2025-03-27', 'activo', '+54 9 145 3647-8239');
INSERT INTO clientes VALUES (56, 'Natalia Paredes', 'natalia.paredes@live.com.ar', 'Bahía Blanca', '2024-10-26', 'activo', '+54 9 15 2832-2232');
INSERT INTO clientes VALUES (57, 'Gabriel Cáceres', 'gabriel.caceres@hotmail.com', 'Santa Fe', '2025-05-14', 'activo', '+54 9 309 3426-8041');
INSERT INTO clientes VALUES (58, 'Guadalupe Ramos', 'guadalupe.ramos@hotmail.com', 'Buenos Aires', '2024-12-26', 'activo', '+54 9 31 6862-4441');
INSERT INTO clientes VALUES (59, 'Hernán Rivero', 'hernan.rivero@hotmail.com', 'Neuquén', '2025-04-10', 'activo', '+54 9 297 7658-3532');
INSERT INTO clientes VALUES (60, 'Constanza Bravo', 'constanza.bravo@hotmail.com', 'Posadas', '2025-03-10', 'activo', '+54 9 222 1406-3938');
INSERT INTO clientes VALUES (61, 'Manuel Espinoza', 'manuel.espinoza@yahoo.com.ar', 'Resistencia', '2024-11-03', 'activo', '+54 9 138 5371-3608');
INSERT INTO clientes VALUES (62, 'Elena Contreras', 'elena.contreras@gmail.com', 'Mar del Plata', '2025-05-13', 'activo', '+54 9 124 4269-8541');
INSERT INTO clientes VALUES (63, 'Fernando Lucero', 'fernando.lucero@yahoo.com.ar', 'Tucumán', '2025-02-05', 'activo', '+54 9 23 4164-7528');
INSERT INTO clientes VALUES (64, 'Antonella Ponce', 'antonella.ponce@yahoo.com.ar', 'Tucumán', '2025-04-27', 'suspendido', '+54 9 153 6753-9346');
INSERT INTO clientes VALUES (65, 'Leonardo Fuentes', 'leonardo.fuentes@outlook.com', 'Neuquén', '2024-08-31', 'activo', '+54 9 25 2889-5279');
INSERT INTO clientes VALUES (66, 'Macarena Arce', 'macarena.arce@hotmail.com', 'San Juan', '2025-01-17', 'activo', '+54 9 66 8119-6663');
INSERT INTO clientes VALUES (67, 'Cristian Miranda', 'cristian.miranda@yahoo.com.ar', 'Mar del Plata', '2024-07-26', 'activo', '+54 9 70 7311-4114');
INSERT INTO clientes VALUES (68, 'Amparo Carrizo', 'amparo.carrizo@yahoo.com.ar', 'Buenos Aires', '2024-10-21', 'activo', '+54 9 277 9821-4228');
INSERT INTO clientes VALUES (69, 'Mauricio Barreto', 'mauricio.barreto@yahoo.com.ar', 'Mar del Plata', '2025-04-27', 'activo', '+54 9 180 6143-3041');
INSERT INTO clientes VALUES (70, 'Serena Montoya', 'serena.montoya@yahoo.com.ar', 'Santa Fe', '2024-12-25', 'activo', '+54 9 220 6344-7592');
INSERT INTO clientes VALUES (71, 'Damián Lagos', 'damian.lagos@yahoo.com.ar', 'Santa Fe', '2025-03-28', 'activo', '+54 9 226 7211-3851');
INSERT INTO clientes VALUES (72, 'Trinidad Rossi', 'trinidad.rossi@live.com.ar', 'San Juan', '2024-12-29', 'activo', '+54 9 291 1006-5978');
INSERT INTO clientes VALUES (73, 'Enzo Barrios', 'enzo.barrios@yahoo.com.ar', 'Mendoza', '2024-10-24', 'activo', '+54 9 321 6279-8618');
INSERT INTO clientes VALUES (74, 'Josefina Maldonado', 'josefina.maldonado@outlook.com', 'Salta', '2025-02-12', 'activo', '+54 9 253 3780-2389');
INSERT INTO clientes VALUES (75, 'Ariel Quiroz', 'ariel.quiroz@yahoo.com.ar', 'Santa Fe', '2024-07-12', 'activo', '+54 9 182 2530-4848');
INSERT INTO clientes VALUES (76, 'Isabel Sandoval', 'isabel.sandoval@yahoo.com.ar', 'Mendoza', '2025-02-20', 'activo', '+54 9 23 1757-5011');
INSERT INTO clientes VALUES (77, 'Germán Soria', 'german.soria@outlook.com', 'San Juan', '2025-04-25', 'activo', '+54 9 223 4185-7291');
INSERT INTO clientes VALUES (78, 'Martina Ayala', 'martina.ayala@outlook.com', 'Mar del Plata', '2025-01-28', 'activo', '+54 9 346 1090-2746');
INSERT INTO clientes VALUES (79, 'Hugo Mansilla', 'hugo.mansilla@outlook.com', 'Mendoza', '2025-03-03', 'activo', '+54 9 276 8611-1822');
INSERT INTO clientes VALUES (80, 'Eugenia Correa', 'eugenia.correa@live.com.ar', 'Mendoza', '2025-03-31', 'activo', '+54 9 79 8612-9702');
INSERT INTO clientes VALUES (81, 'Leandro Ochoa', 'leandro.ochoa@live.com.ar', 'San Juan', '2024-12-21', 'inactivo', '+54 9 237 9270-7991');
INSERT INTO clientes VALUES (82, 'Celeste Franco', 'celeste.franco@live.com.ar', 'Salta', '2025-03-12', 'inactivo', '+54 9 254 8373-5246');
INSERT INTO clientes VALUES (83, 'Walter Palacios', 'walter.palacios@hotmail.com', 'Posadas', '2024-07-10', 'activo', '+54 9 277 8939-4919');
INSERT INTO clientes VALUES (84, 'Alma Duarte', 'alma.duarte@yahoo.com.ar', 'Salta', '2025-04-23', 'inactivo', '+54 9 157 4841-5451');
INSERT INTO clientes VALUES (85, 'Darío Escobar', 'dario.escobar@yahoo.com.ar', 'La Plata', '2024-08-29', 'activo', '+54 9 81 3471-4788');
INSERT INTO clientes VALUES (86, 'Julia Montes', 'julia.montes@outlook.com', 'Bahía Blanca', '2025-03-15', 'inactivo', '+54 9 120 2052-7797');
INSERT INTO clientes VALUES (87, 'Nelson Arrieta', 'nelson.arrieta@outlook.com', 'La Plata', '2024-08-28', 'activo', '+54 9 223 2020-4388');
INSERT INTO clientes VALUES (88, 'Luz Cardozo', 'luz.cardozo@outlook.com', 'Mar del Plata', '2024-08-06', 'activo', '+54 9 21 7232-8814');
INSERT INTO clientes VALUES (89, 'Rubén Salas', 'ruben.salas@gmail.com', 'La Plata', '2024-12-31', 'inactivo', '+54 9 210 7865-9818');
INSERT INTO clientes VALUES (90, 'Eliana Benítez', 'eliana.benitez@live.com.ar', 'Resistencia', '2024-07-28', 'activo', '+54 9 260 4595-5471');
INSERT INTO clientes VALUES (91, 'César Melo', 'cesar.melo@outlook.com', 'Salta', '2025-05-18', 'activo', '+54 9 183 7624-3704');
INSERT INTO clientes VALUES (92, 'Viviana Vallejo', 'viviana.vallejo@outlook.com', 'Paraná', '2025-03-28', 'activo', '+54 9 284 1441-7455');
INSERT INTO clientes VALUES (93, 'Oscar Bernal', 'oscar.bernal@live.com.ar', 'San Juan', '2025-05-19', 'activo', '+54 9 340 8022-3223');
INSERT INTO clientes VALUES (94, 'Laura Castaño', 'laura.castano@outlook.com', 'Rosario', '2025-05-07', 'activo', '+54 9 205 6363-4467');
INSERT INTO clientes VALUES (95, 'Roberto Galván', 'roberto.galvan@outlook.com', 'La Plata', '2024-12-11', 'inactivo', '+54 9 205 5558-7906');
INSERT INTO clientes VALUES (96, 'Silvia Heredia', 'silvia.heredia@yahoo.com.ar', 'Posadas', '2025-04-21', 'activo', '+54 9 20 9837-1853');
INSERT INTO clientes VALUES (97, 'Esteban Villegas', 'esteban.villegas@yahoo.com.ar', 'Mendoza', '2024-07-04', 'activo', '+54 9 344 1659-1508');
INSERT INTO clientes VALUES (98, 'Marina Bazán', 'marina.bazan@hotmail.com', 'Mendoza', '2025-05-22', 'activo', '+54 9 89 4908-3068');
INSERT INTO clientes VALUES (99, 'Alberto Muñoz', 'alberto.munoz@outlook.com', 'Neuquén', '2025-04-04', 'activo', '+54 9 122 8619-5198');
INSERT INTO clientes VALUES (100, 'Teresa Agüero', 'teresa.agüero@yahoo.com.ar', 'Rosario', '2024-07-26', 'activo', '+54 9 378 2876-3683');

CREATE TABLE productos (
    producto_id INT PRIMARY KEY,
    nombre VARCHAR(100),
    categoria VARCHAR(50),
    precio_unitario DECIMAL(12,2),
    stock INT,
    activo TINYINT,
    costo DECIMAL(12,2),
    codigo_proveedor VARCHAR(20)
);

INSERT INTO productos VALUES (1, 'Samsung Galaxy S24', 'Smartphones', 899999, 0, 0, 424457, 'PROV-0001');
INSERT INTO productos VALUES (2, 'iPhone 15', 'Smartphones', 1299999, 79, 1, 734706, 'PROV-0002');
INSERT INTO productos VALUES (3, 'Motorola Edge 40', 'Smartphones', 549999, 0, 0, 288783, 'PROV-0003');
INSERT INTO productos VALUES (4, 'Xiaomi 14', 'Smartphones', 699999, 0, 0, 342765, 'PROV-0004');
INSERT INTO productos VALUES (5, 'Samsung Galaxy A54', 'Smartphones', 399999, 160, 1, 199427, 'PROV-0005');
INSERT INTO productos VALUES (6, 'iPhone 14', 'Smartphones', 999999, 77, 1, 620058, 'PROV-0006');
INSERT INTO productos VALUES (7, 'Motorola G84', 'Smartphones', 299999, 30, 1, 182773, 'PROV-0007');
INSERT INTO productos VALUES (8, 'Xiaomi Redmi Note 13', 'Smartphones', 249999, 10, 1, 129859, 'PROV-0008');
INSERT INTO productos VALUES (9, 'Lenovo IdeaPad 3', 'Notebooks', 749999, 94, 1, 347843, 'PROV-0009');
INSERT INTO productos VALUES (10, 'HP Pavilion 15', 'Notebooks', 899999, 3, 1, 557922, 'PROV-0010');
INSERT INTO productos VALUES (11, 'Dell Inspiron 14', 'Notebooks', 999999, 27, 1, 536704, 'PROV-0011');
INSERT INTO productos VALUES (12, 'ASUS VivoBook', 'Notebooks', 649999, 117, 1, 384449, 'PROV-0012');
INSERT INTO productos VALUES (13, 'Acer Aspire 5', 'Notebooks', 599999, 187, 1, 332609, 'PROV-0013');
INSERT INTO productos VALUES (14, 'MacBook Air M2', 'Notebooks', 1899999, 157, 1, 1162115, 'PROV-0014');
INSERT INTO productos VALUES (15, 'JBL Tune 520BT', 'Audio', 49999, 123, 1, 27148, 'PROV-0015');
INSERT INTO productos VALUES (16, 'Sony WH-1000XM5', 'Audio', 299999, 151, 1, 151103, 'PROV-0016');
INSERT INTO productos VALUES (17, 'Samsung Buds2 Pro', 'Audio', 129999, 22, 1, 65751, 'PROV-0017');
INSERT INTO productos VALUES (18, 'AirPods Pro 2', 'Audio', 249999, 192, 1, 135734, 'PROV-0018');
INSERT INTO productos VALUES (19, 'Philips TAH1205', 'Audio', 29999, 97, 1, 15517, 'PROV-0019');
INSERT INTO productos VALUES (20, 'JBL Charge 5', 'Audio', 149999, 83, 1, 72954, 'PROV-0020');
INSERT INTO productos VALUES (21, 'Logitech MX Master 3S', 'Accesorios', 89999, 66, 1, 46625, 'PROV-0021');
INSERT INTO productos VALUES (22, 'Teclado Redragon K552', 'Accesorios', 39999, 179, 1, 25040, 'PROV-0022');
INSERT INTO productos VALUES (23, 'Webcam Logitech C920', 'Accesorios', 59999, 132, 1, 38376, 'PROV-0023');
INSERT INTO productos VALUES (24, 'Hub USB-C 7 en 1', 'Accesorios', 34999, 184, 1, 18594, 'PROV-0024');
INSERT INTO productos VALUES (25, 'Mousepad HyperX Fury', 'Accesorios', 14999, 61, 1, 8821, 'PROV-0025');
INSERT INTO productos VALUES (26, 'Cargador Inalámbrico Samsung', 'Accesorios', 24999, 125, 1, 13490, 'PROV-0026');
INSERT INTO productos VALUES (27, 'Monitor LG 27'''' 144Hz', 'Gaming', 449999, 75, 1, 222443, 'PROV-0027');
INSERT INTO productos VALUES (28, 'Silla Gamer Corsair', 'Gaming', 349999, 78, 1, 203976, 'PROV-0028');
INSERT INTO productos VALUES (29, 'Auriculares HyperX Cloud II', 'Gaming', 79999, 141, 1, 44494, 'PROV-0029');
INSERT INTO productos VALUES (30, 'Control Xbox Wireless', 'Gaming', 69999, 190, 1, 39204, 'PROV-0030');
INSERT INTO productos VALUES (31, 'Mousepad XXL RGB', 'Gaming', 29999, 116, 1, 15124, 'PROV-0031');
INSERT INTO productos VALUES (32, 'Webcam Streaming 1080p', 'Gaming', 44999, 30, 1, 26740, 'PROV-0032');
INSERT INTO productos VALUES (33, 'Apple Watch SE', 'Wearables', 349999, 190, 1, 195009, 'PROV-0033');
INSERT INTO productos VALUES (34, 'Samsung Galaxy Watch 6', 'Wearables', 299999, 47, 1, 146491, 'PROV-0034');
INSERT INTO productos VALUES (35, 'Xiaomi Smart Band 8', 'Wearables', 39999, 70, 1, 23796, 'PROV-0035');
INSERT INTO productos VALUES (36, 'Garmin Venu Sq 2', 'Wearables', 249999, 0, 0, 138731, 'PROV-0036');
INSERT INTO productos VALUES (37, 'iPad 10ma Gen', 'Tablets', 699999, 25, 1, 431567, 'PROV-0037');
INSERT INTO productos VALUES (38, 'Samsung Galaxy Tab A9', 'Tablets', 299999, 92, 1, 145766, 'PROV-0038');
INSERT INTO productos VALUES (39, 'Lenovo Tab M10', 'Tablets', 199999, 136, 1, 95062, 'PROV-0039');
INSERT INTO productos VALUES (40, 'iPad Air M1', 'Tablets', 999999, 13, 1, 560671, 'PROV-0040');

CREATE TABLE pedidos (
    pedido_id INT PRIMARY KEY,
    cliente_id INT,
    fecha DATE,
    estado VARCHAR(20),
    metodo_pago VARCHAR(30),
    total DECIMAL(14,2),
    FOREIGN KEY (cliente_id) REFERENCES clientes(cliente_id)
);

INSERT INTO pedidos VALUES (1, 18, '2025-12-11', 'devuelto', 'transferencia', 1565994);
INSERT INTO pedidos VALUES (2, 68, '2025-07-19', 'en_camino', 'tarjeta_credito', 2699997);
INSERT INTO pedidos VALUES (3, 11, '2025-09-02', 'entregado', 'transferencia', 2079997);
INSERT INTO pedidos VALUES (4, 61, '2025-09-15', 'preparando', 'efectivo', 899999);
INSERT INTO pedidos VALUES (5, 13, '2025-08-23', 'preparando', 'mercadopago', 1199998);
INSERT INTO pedidos VALUES (6, 1, '2025-10-13', 'entregado', 'tarjeta_credito', 1019996);
INSERT INTO pedidos VALUES (7, 63, '2025-07-19', 'cancelado', 'mercadopago', 899997);
INSERT INTO pedidos VALUES (8, 59, '2025-07-30', 'en_camino', 'mercadopago', 249999);
INSERT INTO pedidos VALUES (9, 8, '2025-08-12', 'entregado', 'transferencia', 686994);
INSERT INTO pedidos VALUES (10, 70, '2025-11-16', 'entregado', 'transferencia', 4919990);
INSERT INTO pedidos VALUES (11, 79, '2025-07-11', 'devuelto', 'tarjeta_credito', 496997);
INSERT INTO pedidos VALUES (12, 68, '2025-07-24', 'en_camino', 'mercadopago', 299999);
INSERT INTO pedidos VALUES (13, 57, '2025-12-25', 'en_camino', 'mercadopago', 2575993);
INSERT INTO pedidos VALUES (14, 75, '2025-10-27', 'entregado', 'mercadopago', 2894996);
INSERT INTO pedidos VALUES (15, 37, '2025-11-18', 'entregado', 'transferencia', 1779996);
INSERT INTO pedidos VALUES (16, 23, '2025-09-18', 'en_camino', 'mercadopago', 849995);
INSERT INTO pedidos VALUES (17, 69, '2025-12-31', 'entregado', 'transferencia', 59998);
INSERT INTO pedidos VALUES (18, 63, '2025-11-19', 'entregado', 'tarjeta_debito', 2144996);
INSERT INTO pedidos VALUES (19, 37, '2025-07-01', 'entregado', 'tarjeta_credito', 2249994);
INSERT INTO pedidos VALUES (20, 75, '2025-10-05', 'entregado', 'tarjeta_debito', 1910492);
INSERT INTO pedidos VALUES (21, 96, '2025-12-14', 'entregado', 'transferencia', 1049997);
INSERT INTO pedidos VALUES (22, 13, '2025-10-21', 'entregado', 'transferencia', 3127496);
INSERT INTO pedidos VALUES (23, 36, '2025-09-25', 'preparando', 'tarjeta_credito', 181995);
INSERT INTO pedidos VALUES (24, 68, '2025-11-16', 'entregado', 'mercadopago', 189995);
INSERT INTO pedidos VALUES (25, 92, '2025-12-28', 'entregado', 'transferencia', 3699996);
INSERT INTO pedidos VALUES (26, 52, '2025-10-19', 'entregado', 'mercadopago', 3499996);
INSERT INTO pedidos VALUES (27, 90, '2025-12-22', 'entregado', 'transferencia', 289995);
INSERT INTO pedidos VALUES (28, 97, '2025-07-03', 'entregado', 'tarjeta_debito', 3199995);
INSERT INTO pedidos VALUES (29, 92, '2025-10-17', 'cancelado', 'mercadopago', 680995);
INSERT INTO pedidos VALUES (30, 40, '2025-12-27', 'entregado', 'mercadopago', 3108741);
INSERT INTO pedidos VALUES (31, 69, '2025-09-12', 'devuelto', 'tarjeta_credito', 329994);
INSERT INTO pedidos VALUES (32, 98, '2025-12-16', 'cancelado', 'tarjeta_debito', 1549995);
INSERT INTO pedidos VALUES (33, 18, '2025-07-24', 'entregado', 'mercadopago', 3824994);
INSERT INTO pedidos VALUES (34, 37, '2025-08-12', 'entregado', 'tarjeta_debito', 827493);
INSERT INTO pedidos VALUES (35, 51, '2025-07-24', 'entregado', 'mercadopago', 283494);
INSERT INTO pedidos VALUES (36, 80, '2025-10-06', 'preparando', 'tarjeta_debito', 99998);
INSERT INTO pedidos VALUES (37, 90, '2025-11-21', 'preparando', 'mercadopago', 209997);
INSERT INTO pedidos VALUES (38, 94, '2025-10-13', 'entregado', 'mercadopago', 1442743);
INSERT INTO pedidos VALUES (39, 75, '2025-10-16', 'preparando', 'tarjeta_credito', 1349997);
INSERT INTO pedidos VALUES (40, 68, '2025-12-05', 'entregado', 'tarjeta_debito', 33249);
INSERT INTO pedidos VALUES (41, 61, '2025-08-30', 'entregado', 'mercadopago', 157997);
INSERT INTO pedidos VALUES (42, 17, '2025-10-25', 'entregado', 'tarjeta_credito', 1499998);
INSERT INTO pedidos VALUES (43, 78, '2025-08-22', 'entregado', 'tarjeta_debito', 2009998);
INSERT INTO pedidos VALUES (44, 1, '2025-09-09', 'entregado', 'efectivo', 2199996);
INSERT INTO pedidos VALUES (45, 49, '2025-08-30', 'preparando', 'mercadopago', 594999);
INSERT INTO pedidos VALUES (46, 58, '2025-11-12', 'entregado', 'transferencia', 1154996);
INSERT INTO pedidos VALUES (47, 96, '2025-11-11', 'preparando', 'efectivo', 56998);
INSERT INTO pedidos VALUES (48, 99, '2025-07-28', 'en_camino', 'tarjeta_credito', 3089996);
INSERT INTO pedidos VALUES (49, 38, '2025-12-07', 'preparando', 'transferencia', 1168493);
INSERT INTO pedidos VALUES (50, 16, '2025-12-15', 'preparando', 'tarjeta_debito', 4499996);
INSERT INTO pedidos VALUES (51, 63, '2025-10-11', 'entregado', 'tarjeta_credito', 269997);
INSERT INTO pedidos VALUES (52, 52, '2025-08-09', 'cancelado', 'tarjeta_debito', 949999);
INSERT INTO pedidos VALUES (53, 13, '2025-10-04', 'entregado', 'transferencia', 829995);
INSERT INTO pedidos VALUES (54, 97, '2025-10-17', 'cancelado', 'mercadopago', 299998);
INSERT INTO pedidos VALUES (55, 79, '2025-11-07', 'preparando', 'transferencia', 872994);
INSERT INTO pedidos VALUES (56, 90, '2025-12-05', 'cancelado', 'tarjeta_credito', 249999);
INSERT INTO pedidos VALUES (57, 37, '2025-12-27', 'devuelto', 'mercadopago', 899999);
INSERT INTO pedidos VALUES (58, 78, '2025-12-16', 'entregado', 'mercadopago', 3734995);
INSERT INTO pedidos VALUES (59, 52, '2025-09-18', 'cancelado', 'mercadopago', 3259995);
INSERT INTO pedidos VALUES (60, 59, '2025-11-02', 'entregado', 'mercadopago', 1400493);
INSERT INTO pedidos VALUES (61, 73, '2025-12-18', 'entregado', 'mercadopago', 199999);
INSERT INTO pedidos VALUES (62, 29, '2025-09-16', 'entregado', 'tarjeta_credito', 534995);
INSERT INTO pedidos VALUES (63, 53, '2025-11-14', 'en_camino', 'transferencia', 481997);
INSERT INTO pedidos VALUES (64, 3, '2025-10-26', 'entregado', 'tarjeta_debito', 1834995);
INSERT INTO pedidos VALUES (65, 16, '2025-10-12', 'entregado', 'efectivo', 1699998);
INSERT INTO pedidos VALUES (66, 51, '2025-07-23', 'entregado', 'tarjeta_debito', 539998);
INSERT INTO pedidos VALUES (67, 11, '2025-10-10', 'entregado', 'tarjeta_credito', 899999);
INSERT INTO pedidos VALUES (68, 92, '2025-07-30', 'en_camino', 'transferencia', 2759992);
INSERT INTO pedidos VALUES (69, 25, '2025-12-08', 'en_camino', 'transferencia', 1013994);
INSERT INTO pedidos VALUES (70, 90, '2025-09-21', 'preparando', 'mercadopago', 233995);
INSERT INTO pedidos VALUES (71, 8, '2025-09-29', 'en_camino', 'mercadopago', 1694997);
INSERT INTO pedidos VALUES (72, 12, '2025-12-05', 'preparando', 'transferencia', 2099995);
INSERT INTO pedidos VALUES (73, 44, '2025-12-02', 'en_camino', 'transferencia', 3398988);
INSERT INTO pedidos VALUES (74, 23, '2025-10-02', 'entregado', 'tarjeta_debito', 107997);
INSERT INTO pedidos VALUES (75, 7, '2025-12-09', 'preparando', 'mercadopago', 712497);
INSERT INTO pedidos VALUES (76, 39, '2025-09-03', 'cancelado', 'tarjeta_debito', 5621988);
INSERT INTO pedidos VALUES (77, 11, '2025-09-18', 'en_camino', 'transferencia', 4452493);
INSERT INTO pedidos VALUES (78, 51, '2025-09-18', 'entregado', 'efectivo', 44999);
INSERT INTO pedidos VALUES (79, 19, '2025-08-09', 'entregado', 'mercadopago', 639496);
INSERT INTO pedidos VALUES (80, 53, '2025-08-09', 'entregado', 'mercadopago', 3799996);
INSERT INTO pedidos VALUES (81, 51, '2025-12-21', 'cancelado', 'mercadopago', 106998);
INSERT INTO pedidos VALUES (82, 66, '2025-08-19', 'entregado', 'tarjeta_credito', 340995);
INSERT INTO pedidos VALUES (83, 58, '2025-08-11', 'entregado', 'tarjeta_debito', 110499);
INSERT INTO pedidos VALUES (84, 67, '2025-10-04', 'en_camino', 'tarjeta_debito', 864994);
INSERT INTO pedidos VALUES (85, 60, '2025-07-24', 'entregado', 'tarjeta_debito', 5052494);
INSERT INTO pedidos VALUES (86, 43, '2025-07-26', 'cancelado', 'tarjeta_credito', 1799495);
INSERT INTO pedidos VALUES (87, 88, '2025-07-02', 'entregado', 'mercadopago', 2294997);
INSERT INTO pedidos VALUES (88, 87, '2025-11-13', 'devuelto', 'mercadopago', 664999);
INSERT INTO pedidos VALUES (89, 92, '2025-12-07', 'entregado', 'mercadopago', 612245);
INSERT INTO pedidos VALUES (90, 21, '2025-09-13', 'entregado', 'mercadopago', 1399998);
INSERT INTO pedidos VALUES (91, 97, '2025-12-19', 'entregado', 'transferencia', 809997);
INSERT INTO pedidos VALUES (92, 70, '2025-11-19', 'en_camino', 'mercadopago', 59498);
INSERT INTO pedidos VALUES (93, 3, '2025-09-30', 'entregado', 'mercadopago', 907995);
INSERT INTO pedidos VALUES (94, 25, '2025-12-23', 'entregado', 'efectivo', 2052497);
INSERT INTO pedidos VALUES (95, 40, '2025-08-21', 'entregado', 'tarjeta_credito', 1656490);
INSERT INTO pedidos VALUES (96, 7, '2025-12-15', 'entregado', 'mercadopago', 951744);
INSERT INTO pedidos VALUES (97, 52, '2025-11-10', 'entregado', 'tarjeta_credito', 179999);
INSERT INTO pedidos VALUES (98, 40, '2025-09-21', 'entregado', 'mercadopago', 542495);
INSERT INTO pedidos VALUES (99, 100, '2025-10-22', 'entregado', 'transferencia', 1994494);
INSERT INTO pedidos VALUES (100, 56, '2025-10-02', 'en_camino', 'tarjeta_debito', 5114995);
INSERT INTO pedidos VALUES (101, 18, '2025-07-18', 'entregado', 'tarjeta_credito', 44997);
INSERT INTO pedidos VALUES (102, 87, '2025-08-09', 'cancelado', 'transferencia', 71999);
INSERT INTO pedidos VALUES (103, 19, '2025-11-13', 'entregado', 'tarjeta_credito', 212499);
INSERT INTO pedidos VALUES (104, 26, '2025-11-05', 'en_camino', 'mercadopago', 4935995);
INSERT INTO pedidos VALUES (105, 10, '2025-10-24', 'entregado', 'tarjeta_debito', 3269994);
INSERT INTO pedidos VALUES (106, 76, '2025-11-16', 'entregado', 'tarjeta_debito', 1017497);
INSERT INTO pedidos VALUES (107, 4, '2025-10-01', 'en_camino', 'transferencia', 1499996);
INSERT INTO pedidos VALUES (108, 55, '2025-12-31', 'cancelado', 'transferencia', 1639997);
INSERT INTO pedidos VALUES (109, 10, '2025-10-24', 'entregado', 'tarjeta_credito', 674997);
INSERT INTO pedidos VALUES (110, 26, '2025-08-03', 'entregado', 'transferencia', 2109993);
INSERT INTO pedidos VALUES (111, 11, '2025-09-03', 'entregado', 'tarjeta_credito', 2159996);
INSERT INTO pedidos VALUES (112, 93, '2025-08-13', 'preparando', 'tarjeta_debito', 2699997);
INSERT INTO pedidos VALUES (113, 46, '2025-11-22', 'entregado', 'mercadopago', 7803491);
INSERT INTO pedidos VALUES (114, 41, '2025-11-01', 'cancelado', 'transferencia', 3229996);
INSERT INTO pedidos VALUES (115, 29, '2025-09-26', 'preparando', 'mercadopago', 1891991);
INSERT INTO pedidos VALUES (116, 37, '2025-10-24', 'entregado', 'mercadopago', 42747);
INSERT INTO pedidos VALUES (117, 34, '2025-08-10', 'entregado', 'tarjeta_debito', 3799993);
INSERT INTO pedidos VALUES (118, 12, '2025-10-09', 'en_camino', 'transferencia', 599998);
INSERT INTO pedidos VALUES (119, 7, '2025-09-11', 'en_camino', 'transferencia', 157995);
INSERT INTO pedidos VALUES (120, 51, '2025-10-12', 'entregado', 'mercadopago', 249999);
INSERT INTO pedidos VALUES (121, 76, '2025-09-12', 'entregado', 'transferencia', 1387494);
INSERT INTO pedidos VALUES (122, 18, '2025-07-25', 'entregado', 'transferencia', 2607490);
INSERT INTO pedidos VALUES (123, 72, '2025-10-25', 'entregado', 'tarjeta_credito', 1979996);
INSERT INTO pedidos VALUES (124, 41, '2025-11-29', 'en_camino', 'transferencia', 2729993);
INSERT INTO pedidos VALUES (125, 42, '2025-12-24', 'preparando', 'mercadopago', 884998);
INSERT INTO pedidos VALUES (126, 67, '2025-08-13', 'en_camino', 'tarjeta_credito', 854996);
INSERT INTO pedidos VALUES (127, 16, '2025-08-18', 'entregado', 'transferencia', 6224995);
INSERT INTO pedidos VALUES (128, 8, '2025-12-28', 'entregado', 'transferencia', 344997);
INSERT INTO pedidos VALUES (129, 74, '2025-09-26', 'en_camino', 'transferencia', 1989995);
INSERT INTO pedidos VALUES (130, 41, '2025-09-12', 'cancelado', 'mercadopago', 343494);
INSERT INTO pedidos VALUES (131, 98, '2025-11-17', 'entregado', 'tarjeta_debito', 3688991);
INSERT INTO pedidos VALUES (132, 37, '2025-08-05', 'entregado', 'tarjeta_credito', 1404996);
INSERT INTO pedidos VALUES (133, 32, '2025-07-14', 'entregado', 'transferencia', 3884993);
INSERT INTO pedidos VALUES (134, 94, '2025-08-21', 'devuelto', 'efectivo', 594999);
INSERT INTO pedidos VALUES (135, 79, '2025-08-29', 'en_camino', 'tarjeta_credito', 3544992);
INSERT INTO pedidos VALUES (136, 87, '2025-07-28', 'entregado', 'mercadopago', 3657489);
INSERT INTO pedidos VALUES (137, 26, '2025-07-04', 'cancelado', 'mercadopago', 539999);
INSERT INTO pedidos VALUES (138, 92, '2025-10-12', 'entregado', 'transferencia', 299999);
INSERT INTO pedidos VALUES (139, 67, '2025-09-21', 'entregado', 'mercadopago', 159998);
INSERT INTO pedidos VALUES (140, 41, '2025-11-27', 'entregado', 'mercadopago', 254999);
INSERT INTO pedidos VALUES (141, 17, '2025-10-28', 'entregado', 'mercadopago', 899995);
INSERT INTO pedidos VALUES (142, 31, '2025-08-26', 'entregado', 'transferencia', 439745);
INSERT INTO pedidos VALUES (143, 74, '2025-12-18', 'entregado', 'tarjeta_credito', 3119994);
INSERT INTO pedidos VALUES (144, 51, '2025-07-20', 'en_camino', 'mercadopago', 3644993);
INSERT INTO pedidos VALUES (145, 16, '2025-12-22', 'entregado', 'tarjeta_credito', 404498);
INSERT INTO pedidos VALUES (146, 58, '2025-10-25', 'en_camino', 'mercadopago', 1404997);
INSERT INTO pedidos VALUES (147, 30, '2025-11-26', 'entregado', 'mercadopago', 664999);
INSERT INTO pedidos VALUES (148, 5, '2025-09-12', 'entregado', 'mercadopago', 854998);
INSERT INTO pedidos VALUES (149, 62, '2025-10-05', 'entregado', 'mercadopago', 4028988);
INSERT INTO pedidos VALUES (150, 98, '2025-11-17', 'entregado', 'tarjeta_debito', 59999);
INSERT INTO pedidos VALUES (151, 27, '2025-07-29', 'entregado', 'tarjeta_debito', 1569998);
INSERT INTO pedidos VALUES (152, 5, '2025-10-23', 'preparando', 'tarjeta_credito', 1002495);
INSERT INTO pedidos VALUES (153, 79, '2025-09-20', 'en_camino', 'transferencia', 989995);
INSERT INTO pedidos VALUES (154, 31, '2025-10-14', 'entregado', 'mercadopago', 1934995);
INSERT INTO pedidos VALUES (155, 69, '2025-07-13', 'entregado', 'tarjeta_debito', 1034995);
INSERT INTO pedidos VALUES (156, 41, '2025-10-05', 'entregado', 'tarjeta_credito', 449995);
INSERT INTO pedidos VALUES (157, 77, '2025-10-14', 'entregado', 'transferencia', 599998);
INSERT INTO pedidos VALUES (158, 45, '2025-12-13', 'entregado', 'tarjeta_debito', 2687994);
INSERT INTO pedidos VALUES (159, 6, '2025-07-19', 'entregado', 'tarjeta_debito', 4299996);
INSERT INTO pedidos VALUES (160, 2, '2025-08-24', 'entregado', 'efectivo', 25499);
INSERT INTO pedidos VALUES (161, 87, '2025-12-28', 'entregado', 'transferencia', 170998);
INSERT INTO pedidos VALUES (162, 65, '2025-11-14', 'entregado', 'mercadopago', 178247);
INSERT INTO pedidos VALUES (163, 29, '2025-10-03', 'entregado', 'transferencia', 2479996);
INSERT INTO pedidos VALUES (164, 80, '2025-10-15', 'entregado', 'mercadopago', 44997);
INSERT INTO pedidos VALUES (165, 69, '2025-11-18', 'cancelado', 'mercadopago', 2904993);
INSERT INTO pedidos VALUES (166, 68, '2025-08-17', 'en_camino', 'efectivo', 4099992);
INSERT INTO pedidos VALUES (167, 63, '2025-10-04', 'entregado', 'tarjeta_credito', 2879996);
INSERT INTO pedidos VALUES (168, 74, '2025-11-19', 'entregado', 'transferencia', 26999);
INSERT INTO pedidos VALUES (169, 98, '2025-10-19', 'entregado', 'mercadopago', 899999);
INSERT INTO pedidos VALUES (170, 90, '2025-11-12', 'entregado', 'mercadopago', 66498);
INSERT INTO pedidos VALUES (171, 78, '2025-09-01', 'cancelado', 'mercadopago', 1994997);
INSERT INTO pedidos VALUES (172, 76, '2025-10-30', 'entregado', 'tarjeta_credito', 4184991);
INSERT INTO pedidos VALUES (173, 32, '2025-08-24', 'cancelado', 'tarjeta_debito', 2729994);
INSERT INTO pedidos VALUES (174, 96, '2025-07-09', 'entregado', 'tarjeta_debito', 5699997);
INSERT INTO pedidos VALUES (175, 55, '2025-07-20', 'entregado', 'mercadopago', 40497);
INSERT INTO pedidos VALUES (176, 45, '2025-10-07', 'devuelto', 'tarjeta_credito', 1759996);
INSERT INTO pedidos VALUES (177, 87, '2025-12-05', 'preparando', 'transferencia', 3201994);
INSERT INTO pedidos VALUES (178, 26, '2025-12-22', 'en_camino', 'tarjeta_credito', 1999998);
INSERT INTO pedidos VALUES (179, 10, '2025-07-22', 'entregado', 'mercadopago', 1985995);
INSERT INTO pedidos VALUES (180, 51, '2025-09-08', 'entregado', 'mercadopago', 215997);
INSERT INTO pedidos VALUES (181, 71, '2025-10-13', 'entregado', 'mercadopago', 2699997);
INSERT INTO pedidos VALUES (182, 44, '2025-10-07', 'entregado', 'mercadopago', 2699997);
INSERT INTO pedidos VALUES (183, 34, '2025-11-24', 'cancelado', 'transferencia', 284998);
INSERT INTO pedidos VALUES (184, 21, '2025-07-17', 'entregado', 'transferencia', 399997);
INSERT INTO pedidos VALUES (185, 91, '2025-11-04', 'entregado', 'transferencia', 1799998);
INSERT INTO pedidos VALUES (186, 90, '2025-10-06', 'entregado', 'transferencia', 2312495);
INSERT INTO pedidos VALUES (187, 28, '2025-10-31', 'entregado', 'mercadopago', 152998);
INSERT INTO pedidos VALUES (188, 100, '2025-12-10', 'en_camino', 'efectivo', 418496);
INSERT INTO pedidos VALUES (189, 75, '2025-08-16', 'cancelado', 'tarjeta_credito', 209997);
INSERT INTO pedidos VALUES (190, 61, '2025-09-13', 'cancelado', 'mercadopago', 3644993);
INSERT INTO pedidos VALUES (191, 59, '2025-10-05', 'entregado', 'transferencia', 881244);
INSERT INTO pedidos VALUES (192, 75, '2025-07-10', 'entregado', 'tarjeta_credito', 3424995);
INSERT INTO pedidos VALUES (193, 88, '2025-07-12', 'en_camino', 'efectivo', 89997);
INSERT INTO pedidos VALUES (194, 36, '2025-08-26', 'en_camino', 'tarjeta_credito', 1494996);
INSERT INTO pedidos VALUES (195, 98, '2025-11-28', 'entregado', 'mercadopago', 569998);
INSERT INTO pedidos VALUES (196, 11, '2025-07-30', 'cancelado', 'mercadopago', 62999);
INSERT INTO pedidos VALUES (197, 67, '2025-09-28', 'en_camino', 'mercadopago', 829994);
INSERT INTO pedidos VALUES (198, 93, '2025-07-28', 'cancelado', 'tarjeta_debito', 2879992);
INSERT INTO pedidos VALUES (199, 26, '2025-08-17', 'preparando', 'tarjeta_credito', 949999);
INSERT INTO pedidos VALUES (200, 83, '2025-10-18', 'entregado', 'mercadopago', 749997);
INSERT INTO pedidos VALUES (201, 79, '2025-07-27', 'en_camino', 'mercadopago', 69999);
INSERT INTO pedidos VALUES (202, 97, '2025-11-03', 'preparando', 'mercadopago', 74997);
INSERT INTO pedidos VALUES (203, 48, '2025-09-29', 'entregado', 'tarjeta_credito', 1427497);
INSERT INTO pedidos VALUES (204, 42, '2025-07-30', 'entregado', 'transferencia', 26998);
INSERT INTO pedidos VALUES (205, 19, '2025-11-25', 'entregado', 'transferencia', 1117497);
INSERT INTO pedidos VALUES (206, 26, '2025-09-19', 'entregado', 'tarjeta_credito', 4869740);
INSERT INTO pedidos VALUES (207, 58, '2025-12-29', 'entregado', 'transferencia', 1299999);
INSERT INTO pedidos VALUES (208, 5, '2025-09-09', 'entregado', 'transferencia', 178497);
INSERT INTO pedidos VALUES (209, 69, '2025-11-18', 'en_camino', 'mercadopago', 1319742);
INSERT INTO pedidos VALUES (210, 94, '2025-09-02', 'entregado', 'tarjeta_debito', 259998);
INSERT INTO pedidos VALUES (211, 61, '2025-07-31', 'devuelto', 'tarjeta_debito', 899997);
INSERT INTO pedidos VALUES (212, 88, '2025-12-09', 'entregado', 'mercadopago', 1899999);
INSERT INTO pedidos VALUES (213, 78, '2025-09-28', 'en_camino', 'mercadopago', 215996);
INSERT INTO pedidos VALUES (214, 98, '2025-07-25', 'entregado', 'efectivo', 4599993);
INSERT INTO pedidos VALUES (215, 34, '2025-12-21', 'entregado', 'transferencia', 857497);
INSERT INTO pedidos VALUES (216, 12, '2025-10-12', 'en_camino', 'tarjeta_credito', 279995);
INSERT INTO pedidos VALUES (217, 12, '2025-10-26', 'preparando', 'tarjeta_credito', 1139997);
INSERT INTO pedidos VALUES (218, 30, '2025-10-18', 'entregado', 'transferencia', 53998);
INSERT INTO pedidos VALUES (219, 79, '2025-08-03', 'en_camino', 'tarjeta_debito', 2829995);
INSERT INTO pedidos VALUES (220, 63, '2025-07-01', 'entregado', 'mercadopago', 877498);
INSERT INTO pedidos VALUES (221, 51, '2025-09-03', 'entregado', 'transferencia', 3739990);
INSERT INTO pedidos VALUES (222, 1, '2025-08-24', 'en_camino', 'mercadopago', 539996);
INSERT INTO pedidos VALUES (223, 17, '2025-10-17', 'cancelado', 'mercadopago', 12749);
INSERT INTO pedidos VALUES (224, 15, '2025-07-27', 'entregado', 'transferencia', 12749);
INSERT INTO pedidos VALUES (225, 98, '2025-08-06', 'entregado', 'transferencia', 1999998);
INSERT INTO pedidos VALUES (226, 30, '2025-12-08', 'devuelto', 'mercadopago', 1979998);
INSERT INTO pedidos VALUES (227, 83, '2025-10-07', 'entregado', 'efectivo', 749999);
INSERT INTO pedidos VALUES (228, 93, '2025-07-22', 'entregado', 'transferencia', 689994);
INSERT INTO pedidos VALUES (229, 29, '2025-11-10', 'entregado', 'tarjeta_credito', 664999);
INSERT INTO pedidos VALUES (230, 54, '2025-07-29', 'entregado', 'transferencia', 1454997);
INSERT INTO pedidos VALUES (231, 78, '2025-10-16', 'entregado', 'transferencia', 29999);
INSERT INTO pedidos VALUES (232, 83, '2025-07-18', 'entregado', 'mercadopago', 1259998);
INSERT INTO pedidos VALUES (233, 39, '2025-12-08', 'cancelado', 'transferencia', 2767494);
INSERT INTO pedidos VALUES (234, 22, '2025-09-10', 'entregado', 'mercadopago', 7319995);
INSERT INTO pedidos VALUES (235, 92, '2025-12-14', 'cancelado', 'tarjeta_credito', 1049997);
INSERT INTO pedidos VALUES (236, 8, '2025-09-01', 'entregado', 'tarjeta_debito', 2999997);
INSERT INTO pedidos VALUES (237, 42, '2025-12-18', 'cancelado', 'tarjeta_credito', 2699997);
INSERT INTO pedidos VALUES (238, 2, '2025-08-11', 'en_camino', 'efectivo', 3259995);
INSERT INTO pedidos VALUES (239, 17, '2025-07-08', 'entregado', 'tarjeta_debito', 679998);
INSERT INTO pedidos VALUES (240, 79, '2025-12-08', 'entregado', 'transferencia', 2189995);
INSERT INTO pedidos VALUES (241, 35, '2025-07-27', 'en_camino', 'tarjeta_credito', 349999);
INSERT INTO pedidos VALUES (242, 2, '2025-09-01', 'entregado', 'transferencia', 899999);
INSERT INTO pedidos VALUES (243, 76, '2025-12-30', 'cancelado', 'tarjeta_credito', 509998);
INSERT INTO pedidos VALUES (244, 43, '2025-09-08', 'entregado', 'transferencia', 699999);
INSERT INTO pedidos VALUES (245, 72, '2025-07-12', 'entregado', 'mercadopago', 487495);
INSERT INTO pedidos VALUES (246, 2, '2025-10-03', 'entregado', 'mercadopago', 2588993);
INSERT INTO pedidos VALUES (247, 34, '2025-08-08', 'entregado', 'tarjeta_debito', 67998);
INSERT INTO pedidos VALUES (248, 100, '2025-07-03', 'entregado', 'mercadopago', 419998);
INSERT INTO pedidos VALUES (249, 68, '2025-07-16', 'entregado', 'tarjeta_credito', 142497);
INSERT INTO pedidos VALUES (250, 52, '2025-10-26', 'devuelto', 'mercadopago', 2137497);
INSERT INTO pedidos VALUES (251, 10, '2025-11-29', 'entregado', 'tarjeta_credito', 59998);
INSERT INTO pedidos VALUES (252, 55, '2025-12-27', 'cancelado', 'mercadopago', 1249996);
INSERT INTO pedidos VALUES (253, 22, '2025-07-28', 'entregado', 'transferencia', 749997);
INSERT INTO pedidos VALUES (254, 29, '2025-10-24', 'entregado', 'transferencia', 3327495);
INSERT INTO pedidos VALUES (255, 55, '2025-11-09', 'entregado', 'mercadopago', 1889995);
INSERT INTO pedidos VALUES (256, 56, '2025-10-04', 'cancelado', 'tarjeta_credito', 429998);
INSERT INTO pedidos VALUES (257, 93, '2025-10-22', 'entregado', 'mercadopago', 1239995);
INSERT INTO pedidos VALUES (258, 55, '2025-11-05', 'cancelado', 'transferencia', 1299998);
INSERT INTO pedidos VALUES (259, 62, '2025-08-08', 'entregado', 'tarjeta_credito', 143996);
INSERT INTO pedidos VALUES (260, 12, '2025-09-10', 'entregado', 'mercadopago', 254999);
INSERT INTO pedidos VALUES (261, 75, '2025-07-05', 'entregado', 'tarjeta_credito', 79998);
INSERT INTO pedidos VALUES (262, 78, '2025-11-06', 'entregado', 'mercadopago', 49999);
INSERT INTO pedidos VALUES (263, 8, '2025-10-29', 'en_camino', 'transferencia', 3049996);
INSERT INTO pedidos VALUES (264, 37, '2025-11-14', 'cancelado', 'mercadopago', 2848740);
INSERT INTO pedidos VALUES (265, 49, '2025-11-23', 'en_camino', 'tarjeta_debito', 232747);
INSERT INTO pedidos VALUES (266, 87, '2025-08-26', 'entregado', 'transferencia', 999999);
INSERT INTO pedidos VALUES (267, 46, '2025-12-31', 'entregado', 'tarjeta_debito', 3350995);
INSERT INTO pedidos VALUES (268, 51, '2025-07-19', 'entregado', 'tarjeta_credito', 1199996);
INSERT INTO pedidos VALUES (269, 23, '2025-10-20', 'preparando', 'efectivo', 2254995);
INSERT INTO pedidos VALUES (270, 97, '2025-11-28', 'entregado', 'mercadopago', 4004994);
INSERT INTO pedidos VALUES (271, 55, '2025-11-23', 'preparando', 'mercadopago', 3099995);
INSERT INTO pedidos VALUES (272, 33, '2025-09-27', 'entregado', 'mercadopago', 3913994);
INSERT INTO pedidos VALUES (273, 1, '2025-07-13', 'entregado', 'transferencia', 2709996);
INSERT INTO pedidos VALUES (274, 53, '2025-07-26', 'en_camino', 'tarjeta_credito', 1099997);
INSERT INTO pedidos VALUES (275, 3, '2025-09-20', 'entregado', 'efectivo', 1999998);
INSERT INTO pedidos VALUES (276, 10, '2025-11-18', 'entregado', 'mercadopago', 3549991);
INSERT INTO pedidos VALUES (277, 75, '2025-09-06', 'preparando', 'mercadopago', 1259998);
INSERT INTO pedidos VALUES (278, 76, '2025-11-03', 'entregado', 'mercadopago', 399998);
INSERT INTO pedidos VALUES (279, 13, '2025-07-07', 'entregado', 'mercadopago', 1999998);
INSERT INTO pedidos VALUES (280, 42, '2025-10-10', 'en_camino', 'transferencia', 2075996);
INSERT INTO pedidos VALUES (281, 52, '2025-08-17', 'entregado', 'mercadopago', 283997);
INSERT INTO pedidos VALUES (282, 97, '2025-07-25', 'entregado', 'tarjeta_credito', 1979993);
INSERT INTO pedidos VALUES (283, 99, '2025-10-30', 'en_camino', 'tarjeta_debito', 3067494);
INSERT INTO pedidos VALUES (284, 72, '2025-11-24', 'preparando', 'mercadopago', 5347495);
INSERT INTO pedidos VALUES (285, 91, '2025-08-07', 'preparando', 'mercadopago', 2975242);
INSERT INTO pedidos VALUES (286, 90, '2025-11-28', 'entregado', 'mercadopago', 1889997);
INSERT INTO pedidos VALUES (287, 13, '2025-07-28', 'en_camino', 'tarjeta_credito', 1461992);
INSERT INTO pedidos VALUES (288, 66, '2025-07-10', 'entregado', 'mercadopago', 509997);
INSERT INTO pedidos VALUES (289, 56, '2025-07-10', 'entregado', 'tarjeta_debito', 254999);
INSERT INTO pedidos VALUES (290, 66, '2025-09-07', 'entregado', 'mercadopago', 677495);
INSERT INTO pedidos VALUES (291, 61, '2025-09-21', 'entregado', 'tarjeta_credito', 3019996);
INSERT INTO pedidos VALUES (292, 68, '2025-11-10', 'entregado', 'transferencia', 404997);
INSERT INTO pedidos VALUES (293, 56, '2025-08-04', 'devuelto', 'tarjeta_debito', 4319994);
INSERT INTO pedidos VALUES (294, 52, '2025-10-27', 'en_camino', 'transferencia', 4174491);
INSERT INTO pedidos VALUES (295, 23, '2025-09-05', 'devuelto', 'tarjeta_debito', 2599998);
INSERT INTO pedidos VALUES (296, 23, '2025-11-24', 'entregado', 'tarjeta_debito', 6164994);
INSERT INTO pedidos VALUES (297, 99, '2025-07-03', 'en_camino', 'tarjeta_debito', 2899996);
INSERT INTO pedidos VALUES (298, 93, '2025-09-09', 'entregado', 'tarjeta_debito', 6394490);
INSERT INTO pedidos VALUES (299, 96, '2025-10-04', 'en_camino', 'tarjeta_credito', 899996);
INSERT INTO pedidos VALUES (300, 92, '2025-09-22', 'entregado', 'mercadopago', 2519994);
INSERT INTO pedidos VALUES (301, 43, '2025-12-22', 'entregado', 'tarjeta_credito', 277996);
INSERT INTO pedidos VALUES (302, 5, '2025-11-27', 'en_camino', 'tarjeta_debito', 134997);
INSERT INTO pedidos VALUES (303, 92, '2025-10-30', 'cancelado', 'transferencia', 2699997);
INSERT INTO pedidos VALUES (304, 26, '2025-09-14', 'entregado', 'transferencia', 1433995);
INSERT INTO pedidos VALUES (305, 42, '2025-10-16', 'entregado', 'transferencia', 814995);
INSERT INTO pedidos VALUES (306, 80, '2025-12-06', 'entregado', 'transferencia', 712497);
INSERT INTO pedidos VALUES (307, 73, '2025-09-15', 'entregado', 'mercadopago', 3284992);
INSERT INTO pedidos VALUES (308, 45, '2025-12-09', 'entregado', 'mercadopago', 159998);
INSERT INTO pedidos VALUES (309, 24, '2025-11-25', 'en_camino', 'tarjeta_credito', 4702493);
INSERT INTO pedidos VALUES (310, 1, '2025-07-10', 'en_camino', 'mercadopago', 1619998);
INSERT INTO pedidos VALUES (311, 27, '2025-07-05', 'cancelado', 'mercadopago', 607994);
INSERT INTO pedidos VALUES (312, 24, '2025-07-17', 'entregado', 'mercadopago', 809997);
INSERT INTO pedidos VALUES (313, 46, '2025-10-20', 'cancelado', 'efectivo', 89998);
INSERT INTO pedidos VALUES (314, 24, '2025-10-12', 'entregado', 'mercadopago', 6134994);
INSERT INTO pedidos VALUES (315, 94, '2025-07-10', 'entregado', 'tarjeta_debito', 119997);
INSERT INTO pedidos VALUES (316, 85, '2025-07-13', 'preparando', 'mercadopago', 2409995);
INSERT INTO pedidos VALUES (317, 22, '2025-08-22', 'cancelado', 'tarjeta_credito', 1349997);
INSERT INTO pedidos VALUES (318, 96, '2025-11-11', 'preparando', 'tarjeta_credito', 1159996);
INSERT INTO pedidos VALUES (319, 16, '2025-07-28', 'en_camino', 'mercadopago', 389997);
INSERT INTO pedidos VALUES (320, 49, '2025-12-28', 'entregado', 'mercadopago', 38249);
INSERT INTO pedidos VALUES (321, 67, '2025-09-23', 'entregado', 'mercadopago', 1412496);
INSERT INTO pedidos VALUES (322, 71, '2025-07-20', 'cancelado', 'tarjeta_credito', 420994);
INSERT INTO pedidos VALUES (323, 43, '2025-10-18', 'cancelado', 'mercadopago', 4994993);
INSERT INTO pedidos VALUES (324, 46, '2025-08-16', 'entregado', 'transferencia', 3595741);
INSERT INTO pedidos VALUES (325, 78, '2025-12-21', 'entregado', 'mercadopago', 179997);
INSERT INTO pedidos VALUES (326, 99, '2025-08-03', 'en_camino', 'tarjeta_debito', 899998);
INSERT INTO pedidos VALUES (327, 9, '2025-09-05', 'preparando', 'mercadopago', 2917491);
INSERT INTO pedidos VALUES (328, 90, '2025-07-25', 'entregado', 'tarjeta_credito', 152997);
INSERT INTO pedidos VALUES (329, 93, '2025-10-07', 'entregado', 'tarjeta_debito', 1479998);
INSERT INTO pedidos VALUES (330, 66, '2025-11-04', 'entregado', 'tarjeta_credito', 79998);
INSERT INTO pedidos VALUES (331, 70, '2025-08-27', 'en_camino', 'tarjeta_credito', 3419995);
INSERT INTO pedidos VALUES (332, 12, '2025-11-05', 'entregado', 'efectivo', 3434994);
INSERT INTO pedidos VALUES (333, 87, '2025-12-06', 'preparando', 'mercadopago', 3869997);
INSERT INTO pedidos VALUES (334, 63, '2025-09-23', 'en_camino', 'tarjeta_credito', 274996);
INSERT INTO pedidos VALUES (335, 1, '2025-09-26', 'entregado', 'tarjeta_debito', 1694740);
INSERT INTO pedidos VALUES (336, 88, '2025-08-20', 'entregado', 'mercadopago', 3522494);
INSERT INTO pedidos VALUES (337, 63, '2025-12-16', 'preparando', 'efectivo', 40499);
INSERT INTO pedidos VALUES (338, 7, '2025-11-19', 'en_camino', 'transferencia', 852498);
INSERT INTO pedidos VALUES (339, 54, '2025-12-16', 'preparando', 'tarjeta_credito', 26998);
INSERT INTO pedidos VALUES (340, 100, '2025-09-02', 'entregado', 'transferencia', 59998);
INSERT INTO pedidos VALUES (341, 19, '2025-10-14', 'preparando', 'tarjeta_credito', 1109993);
INSERT INTO pedidos VALUES (342, 29, '2025-12-07', 'cancelado', 'mercadopago', 1912497);
INSERT INTO pedidos VALUES (343, 25, '2025-11-06', 'preparando', 'mercadopago', 170997);
INSERT INTO pedidos VALUES (344, 80, '2025-11-24', 'cancelado', 'transferencia', 765996);
INSERT INTO pedidos VALUES (345, 7, '2025-12-19', 'entregado', 'mercadopago', 1206995);
INSERT INTO pedidos VALUES (346, 5, '2025-09-30', 'entregado', 'mercadopago', 1337490);
INSERT INTO pedidos VALUES (347, 58, '2025-12-23', 'entregado', 'efectivo', 116999);
INSERT INTO pedidos VALUES (348, 61, '2025-08-27', 'preparando', 'tarjeta_credito', 843996);
INSERT INTO pedidos VALUES (349, 27, '2025-09-14', 'entregado', 'mercadopago', 949998);
INSERT INTO pedidos VALUES (350, 38, '2025-11-20', 'entregado', 'transferencia', 67998);
INSERT INTO pedidos VALUES (351, 22, '2025-07-11', 'entregado', 'tarjeta_debito', 2249995);
INSERT INTO pedidos VALUES (352, 10, '2025-12-29', 'entregado', 'transferencia', 4059990);
INSERT INTO pedidos VALUES (353, 51, '2025-09-14', 'entregado', 'efectivo', 302496);
INSERT INTO pedidos VALUES (354, 48, '2025-10-23', 'entregado', 'tarjeta_debito', 1419997);
INSERT INTO pedidos VALUES (355, 16, '2025-10-07', 'entregado', 'transferencia', 539998);
INSERT INTO pedidos VALUES (356, 71, '2025-10-23', 'en_camino', 'mercadopago', 2140494);
INSERT INTO pedidos VALUES (357, 97, '2025-12-09', 'devuelto', 'mercadopago', 6179994);
INSERT INTO pedidos VALUES (358, 93, '2025-07-19', 'devuelto', 'tarjeta_credito', 39999);
INSERT INTO pedidos VALUES (359, 10, '2025-07-14', 'entregado', 'tarjeta_credito', 1424996);
INSERT INTO pedidos VALUES (360, 91, '2025-10-12', 'entregado', 'mercadopago', 749997);
INSERT INTO pedidos VALUES (361, 93, '2025-12-06', 'entregado', 'tarjeta_credito', 1301995);
INSERT INTO pedidos VALUES (362, 41, '2025-12-03', 'entregado', 'mercadopago', 3833492);
INSERT INTO pedidos VALUES (363, 92, '2025-08-06', 'entregado', 'tarjeta_credito', 3987492);
INSERT INTO pedidos VALUES (364, 11, '2025-09-17', 'entregado', 'tarjeta_credito', 3659994);
INSERT INTO pedidos VALUES (365, 26, '2025-12-19', 'en_camino', 'tarjeta_debito', 1315491);
INSERT INTO pedidos VALUES (366, 45, '2025-09-30', 'entregado', 'tarjeta_credito', 89997);
INSERT INTO pedidos VALUES (367, 27, '2025-09-20', 'en_camino', 'transferencia', 1034996);
INSERT INTO pedidos VALUES (368, 43, '2025-10-18', 'entregado', 'mercadopago', 127497);
INSERT INTO pedidos VALUES (369, 93, '2025-10-20', 'entregado', 'tarjeta_debito', 75998);
INSERT INTO pedidos VALUES (370, 62, '2025-09-30', 'devuelto', 'mercadopago', 829998);
INSERT INTO pedidos VALUES (371, 28, '2025-09-06', 'cancelado', 'tarjeta_debito', 359999);
INSERT INTO pedidos VALUES (372, 91, '2025-07-08', 'en_camino', 'transferencia', 5737492);
INSERT INTO pedidos VALUES (373, 51, '2025-10-09', 'entregado', 'tarjeta_debito', 2303995);
INSERT INTO pedidos VALUES (374, 55, '2025-10-02', 'en_camino', 'mercadopago', 2999997);
INSERT INTO pedidos VALUES (375, 71, '2025-08-05', 'entregado', 'mercadopago', 3584995);
INSERT INTO pedidos VALUES (376, 6, '2025-08-26', 'devuelto', 'transferencia', 34999);
INSERT INTO pedidos VALUES (377, 97, '2025-08-22', 'en_camino', 'tarjeta_debito', 59998);
INSERT INTO pedidos VALUES (378, 6, '2025-12-14', 'entregado', 'mercadopago', 3367988);
INSERT INTO pedidos VALUES (379, 53, '2025-08-27', 'en_camino', 'transferencia', 374992);
INSERT INTO pedidos VALUES (380, 32, '2025-07-20', 'en_camino', 'tarjeta_credito', 649999);
INSERT INTO pedidos VALUES (381, 87, '2025-12-31', 'entregado', 'tarjeta_credito', 542996);
INSERT INTO pedidos VALUES (382, 29, '2025-11-29', 'entregado', 'mercadopago', 2099997);
INSERT INTO pedidos VALUES (383, 19, '2025-12-09', 'en_camino', 'mercadopago', 4249995);
INSERT INTO pedidos VALUES (384, 85, '2025-11-22', 'cancelado', 'tarjeta_credito', 6725994);
INSERT INTO pedidos VALUES (385, 85, '2025-08-06', 'en_camino', 'tarjeta_debito', 699998);
INSERT INTO pedidos VALUES (386, 99, '2025-09-26', 'entregado', 'transferencia', 29998);
INSERT INTO pedidos VALUES (387, 15, '2025-07-05', 'entregado', 'transferencia', 3937492);
INSERT INTO pedidos VALUES (388, 12, '2025-11-01', 'preparando', 'transferencia', 997497);
INSERT INTO pedidos VALUES (389, 52, '2025-07-12', 'cancelado', 'transferencia', 59998);
INSERT INTO pedidos VALUES (390, 83, '2025-12-26', 'en_camino', 'mercadopago', 29999);
INSERT INTO pedidos VALUES (391, 39, '2025-12-01', 'en_camino', 'transferencia', 2429997);
INSERT INTO pedidos VALUES (392, 17, '2025-11-11', 'preparando', 'mercadopago', 1121994);
INSERT INTO pedidos VALUES (393, 74, '2025-10-17', 'en_camino', 'transferencia', 23749);
INSERT INTO pedidos VALUES (394, 76, '2025-11-20', 'entregado', 'transferencia', 1444996);
INSERT INTO pedidos VALUES (395, 19, '2025-12-16', 'entregado', 'tarjeta_credito', 1499997);
INSERT INTO pedidos VALUES (396, 76, '2025-12-05', 'cancelado', 'tarjeta_credito', 44997);
INSERT INTO pedidos VALUES (397, 12, '2025-08-07', 'en_camino', 'tarjeta_debito', 516998);
INSERT INTO pedidos VALUES (398, 5, '2025-10-07', 'entregado', 'tarjeta_credito', 1499997);
INSERT INTO pedidos VALUES (399, 2, '2025-08-21', 'preparando', 'tarjeta_debito', 3022494);
INSERT INTO pedidos VALUES (400, 32, '2025-12-05', 'entregado', 'tarjeta_credito', 899999);
INSERT INTO pedidos VALUES (401, 38, '2025-10-11', 'entregado', 'tarjeta_credito', 1409996);
INSERT INTO pedidos VALUES (402, 12, '2025-11-18', 'en_camino', 'tarjeta_debito', 224999);
INSERT INTO pedidos VALUES (403, 27, '2025-10-25', 'entregado', 'transferencia', 1349997);
INSERT INTO pedidos VALUES (404, 77, '2025-07-19', 'en_camino', 'mercadopago', 1655992);
INSERT INTO pedidos VALUES (405, 63, '2025-12-22', 'entregado', 'tarjeta_debito', 1413492);
INSERT INTO pedidos VALUES (406, 49, '2025-11-10', 'cancelado', 'tarjeta_debito', 1699998);
INSERT INTO pedidos VALUES (407, 46, '2025-07-20', 'en_camino', 'tarjeta_debito', 1794996);
INSERT INTO pedidos VALUES (408, 99, '2025-08-18', 'en_camino', 'tarjeta_credito', 599998);
INSERT INTO pedidos VALUES (409, 32, '2025-08-21', 'entregado', 'tarjeta_debito', 299999);
INSERT INTO pedidos VALUES (410, 98, '2025-12-17', 'en_camino', 'tarjeta_credito', 1206993);
INSERT INTO pedidos VALUES (411, 68, '2025-08-16', 'devuelto', 'tarjeta_debito', 149997);
INSERT INTO pedidos VALUES (412, 7, '2025-11-12', 'en_camino', 'tarjeta_debito', 101998);
INSERT INTO pedidos VALUES (413, 25, '2025-10-26', 'entregado', 'tarjeta_credito', 3519997);
INSERT INTO pedidos VALUES (414, 51, '2025-12-04', 'entregado', 'mercadopago', 449998);
INSERT INTO pedidos VALUES (415, 46, '2025-10-02', 'entregado', 'transferencia', 66498);
INSERT INTO pedidos VALUES (416, 38, '2025-10-24', 'entregado', 'transferencia', 1982491);
INSERT INTO pedidos VALUES (417, 69, '2025-08-04', 'preparando', 'transferencia', 374495);
INSERT INTO pedidos VALUES (418, 23, '2025-07-16', 'entregado', 'tarjeta_debito', 1059995);
INSERT INTO pedidos VALUES (419, 51, '2025-11-21', 'entregado', 'mercadopago', 563996);
INSERT INTO pedidos VALUES (420, 94, '2025-11-15', 'devuelto', 'mercadopago', 594998);
INSERT INTO pedidos VALUES (421, 62, '2025-07-21', 'entregado', 'tarjeta_credito', 4399995);
INSERT INTO pedidos VALUES (422, 88, '2025-11-24', 'entregado', 'mercadopago', 152998);
INSERT INTO pedidos VALUES (423, 40, '2025-12-29', 'entregado', 'tarjeta_credito', 135998);
INSERT INTO pedidos VALUES (424, 83, '2025-11-11', 'entregado', 'mercadopago', 3279994);
INSERT INTO pedidos VALUES (425, 7, '2025-07-07', 'devuelto', 'transferencia', 3514994);
INSERT INTO pedidos VALUES (426, 32, '2025-09-02', 'cancelado', 'mercadopago', 1004998);
INSERT INTO pedidos VALUES (427, 49, '2025-09-22', 'en_camino', 'transferencia', 3040490);
INSERT INTO pedidos VALUES (428, 92, '2025-11-22', 'preparando', 'tarjeta_credito', 107998);
INSERT INTO pedidos VALUES (429, 32, '2025-07-23', 'entregado', 'mercadopago', 1349996);
INSERT INTO pedidos VALUES (430, 48, '2025-09-12', 'en_camino', 'transferencia', 149996);
INSERT INTO pedidos VALUES (431, 85, '2025-08-29', 'entregado', 'transferencia', 474998);
INSERT INTO pedidos VALUES (432, 34, '2025-08-11', 'cancelado', 'tarjeta_credito', 14999);
INSERT INTO pedidos VALUES (433, 11, '2025-10-17', 'preparando', 'mercadopago', 3359992);
INSERT INTO pedidos VALUES (434, 9, '2025-08-16', 'entregado', 'mercadopago', 1927995);
INSERT INTO pedidos VALUES (435, 27, '2025-09-21', 'entregado', 'mercadopago', 2777494);
INSERT INTO pedidos VALUES (436, 30, '2025-09-26', 'entregado', 'mercadopago', 1184995);
INSERT INTO pedidos VALUES (437, 10, '2025-11-17', 'entregado', 'tarjeta_debito', 14999);
INSERT INTO pedidos VALUES (438, 34, '2025-10-07', 'devuelto', 'efectivo', 522499);
INSERT INTO pedidos VALUES (439, 13, '2025-11-11', 'entregado', 'transferencia', 397496);
INSERT INTO pedidos VALUES (440, 76, '2025-11-11', 'en_camino', 'tarjeta_credito', 2099997);
INSERT INTO pedidos VALUES (441, 16, '2025-08-30', 'preparando', 'transferencia', 749997);
INSERT INTO pedidos VALUES (442, 55, '2025-09-01', 'entregado', 'efectivo', 229998);
INSERT INTO pedidos VALUES (443, 23, '2025-11-05', 'preparando', 'mercadopago', 3995990);
INSERT INTO pedidos VALUES (444, 3, '2025-12-24', 'entregado', 'transferencia', 934998);
INSERT INTO pedidos VALUES (445, 61, '2025-11-21', 'cancelado', 'transferencia', 187996);
INSERT INTO pedidos VALUES (446, 85, '2025-11-19', 'en_camino', 'mercadopago', 389997);
INSERT INTO pedidos VALUES (447, 63, '2025-07-01', 'devuelto', 'tarjeta_credito', 584999);
INSERT INTO pedidos VALUES (448, 51, '2025-12-06', 'entregado', 'mercadopago', 79998);
INSERT INTO pedidos VALUES (449, 73, '2025-12-22', 'en_camino', 'tarjeta_credito', 56998);
INSERT INTO pedidos VALUES (450, 93, '2025-09-21', 'entregado', 'mercadopago', 1299998);
INSERT INTO pedidos VALUES (451, 68, '2025-08-19', 'entregado', 'mercadopago', 161994);
INSERT INTO pedidos VALUES (452, 35, '2025-07-13', 'entregado', 'mercadopago', 6635994);
INSERT INTO pedidos VALUES (453, 58, '2025-10-03', 'cancelado', 'mercadopago', 1999995);
INSERT INTO pedidos VALUES (454, 30, '2025-11-10', 'cancelado', 'mercadopago', 1529997);
INSERT INTO pedidos VALUES (455, 34, '2025-11-23', 'entregado', 'transferencia', 1699996);
INSERT INTO pedidos VALUES (456, 97, '2025-10-18', 'entregado', 'mercadopago', 74997);
INSERT INTO pedidos VALUES (457, 96, '2025-08-10', 'en_camino', 'efectivo', 350995);
INSERT INTO pedidos VALUES (458, 92, '2025-10-19', 'cancelado', 'mercadopago', 37999);
INSERT INTO pedidos VALUES (459, 76, '2025-09-04', 'entregado', 'efectivo', 1694995);
INSERT INTO pedidos VALUES (460, 3, '2025-11-10', 'entregado', 'mercadopago', 7410490);
INSERT INTO pedidos VALUES (461, 19, '2025-09-06', 'entregado', 'tarjeta_debito', 259998);
INSERT INTO pedidos VALUES (462, 79, '2025-10-11', 'en_camino', 'tarjeta_debito', 818994);
INSERT INTO pedidos VALUES (463, 93, '2025-09-15', 'entregado', 'tarjeta_credito', 3329996);
INSERT INTO pedidos VALUES (464, 17, '2025-08-28', 'devuelto', 'tarjeta_credito', 944996);
INSERT INTO pedidos VALUES (465, 43, '2025-11-16', 'entregado', 'transferencia', 1784997);
INSERT INTO pedidos VALUES (466, 55, '2025-10-23', 'devuelto', 'transferencia', 444997);
INSERT INTO pedidos VALUES (467, 46, '2025-07-22', 'en_camino', 'transferencia', 49998);
INSERT INTO pedidos VALUES (468, 56, '2025-11-06', 'cancelado', 'mercadopago', 237499);
INSERT INTO pedidos VALUES (469, 55, '2025-12-14', 'en_camino', 'mercadopago', 869997);
INSERT INTO pedidos VALUES (470, 44, '2025-12-23', 'en_camino', 'mercadopago', 769996);
INSERT INTO pedidos VALUES (471, 85, '2025-12-15', 'entregado', 'tarjeta_credito', 170997);
INSERT INTO pedidos VALUES (472, 90, '2025-08-07', 'entregado', 'mercadopago', 2729745);
INSERT INTO pedidos VALUES (473, 90, '2025-08-07', 'entregado', 'mercadopago', 624997);
INSERT INTO pedidos VALUES (474, 29, '2025-11-15', 'en_camino', 'transferencia', 76497);
INSERT INTO pedidos VALUES (475, 21, '2025-12-25', 'cancelado', 'tarjeta_credito', 299999);
INSERT INTO pedidos VALUES (476, 24, '2025-07-16', 'entregado', 'mercadopago', 1124997);
INSERT INTO pedidos VALUES (477, 54, '2025-12-17', 'entregado', 'tarjeta_credito', 3729742);
INSERT INTO pedidos VALUES (478, 68, '2025-11-30', 'entregado', 'mercadopago', 5819989);
INSERT INTO pedidos VALUES (479, 49, '2025-12-08', 'entregado', 'mercadopago', 1750993);
INSERT INTO pedidos VALUES (480, 53, '2025-11-11', 'preparando', 'tarjeta_debito', 1949995);
INSERT INTO pedidos VALUES (481, 87, '2025-09-23', 'entregado', 'transferencia', 2024997);
INSERT INTO pedidos VALUES (482, 99, '2025-08-21', 'entregado', 'mercadopago', 3204994);
INSERT INTO pedidos VALUES (483, 77, '2025-11-14', 'entregado', 'mercadopago', 4409493);
INSERT INTO pedidos VALUES (484, 38, '2025-08-08', 'devuelto', 'mercadopago', 3509997);
INSERT INTO pedidos VALUES (485, 37, '2025-12-03', 'en_camino', 'tarjeta_credito', 3804995);
INSERT INTO pedidos VALUES (486, 19, '2025-11-06', 'en_camino', 'tarjeta_credito', 28498);
INSERT INTO pedidos VALUES (487, 19, '2025-08-11', 'entregado', 'mercadopago', 2437495);
INSERT INTO pedidos VALUES (488, 28, '2025-08-22', 'entregado', 'mercadopago', 2476740);
INSERT INTO pedidos VALUES (489, 88, '2025-11-24', 'en_camino', 'tarjeta_credito', 2154994);
INSERT INTO pedidos VALUES (490, 55, '2025-07-11', 'en_camino', 'transferencia', 2589994);
INSERT INTO pedidos VALUES (491, 59, '2025-09-14', 'preparando', 'tarjeta_debito', 2624496);
INSERT INTO pedidos VALUES (492, 70, '2025-07-29', 'entregado', 'tarjeta_credito', 2220992);
INSERT INTO pedidos VALUES (493, 63, '2025-07-24', 'entregado', 'mercadopago', 1712496);
INSERT INTO pedidos VALUES (494, 92, '2025-10-01', 'entregado', 'transferencia', 1049997);
INSERT INTO pedidos VALUES (495, 53, '2025-11-18', 'devuelto', 'mercadopago', 899999);
INSERT INTO pedidos VALUES (496, 25, '2025-12-30', 'entregado', 'transferencia', 135998);
INSERT INTO pedidos VALUES (497, 26, '2025-07-31', 'entregado', 'efectivo', 123499);
INSERT INTO pedidos VALUES (498, 69, '2025-11-05', 'entregado', 'tarjeta_credito', 5984995);
INSERT INTO pedidos VALUES (499, 61, '2025-07-21', 'preparando', 'tarjeta_credito', 449998);
INSERT INTO pedidos VALUES (500, 91, '2025-11-20', 'entregado', 'mercadopago', 59999);

CREATE TABLE detalle_pedidos (
    detalle_id INT PRIMARY KEY,
    pedido_id INT,
    producto_id INT,
    cantidad INT,
    precio_unitario DECIMAL(12,2),
    descuento DECIMAL(4,2),
    subtotal DECIMAL(14,2),
    FOREIGN KEY (pedido_id) REFERENCES pedidos(pedido_id),
    FOREIGN KEY (producto_id) REFERENCES productos(producto_id)
);

INSERT INTO detalle_pedidos VALUES (1, 1, 37, 2, 699999, 0, 1399998);
INSERT INTO detalle_pedidos VALUES (2, 1, 19, 1, 29999, 0, 29999);
INSERT INTO detalle_pedidos VALUES (3, 1, 31, 2, 29999, 0, 59998);
INSERT INTO detalle_pedidos VALUES (4, 1, 29, 1, 79999, 0.05, 75999);
INSERT INTO detalle_pedidos VALUES (5, 2, 10, 3, 899999, 0, 2699997);
INSERT INTO detalle_pedidos VALUES (6, 3, 39, 1, 199999, 0.1, 179999);
INSERT INTO detalle_pedidos VALUES (7, 3, 40, 2, 999999, 0.05, 1899998);
INSERT INTO detalle_pedidos VALUES (8, 4, 40, 1, 999999, 0.1, 899999);
INSERT INTO detalle_pedidos VALUES (9, 5, 11, 1, 999999, 0.1, 899999);
INSERT INTO detalle_pedidos VALUES (10, 5, 16, 1, 299999, 0, 299999);
INSERT INTO detalle_pedidos VALUES (11, 6, 3, 2, 549999, 0.15, 934998);
INSERT INTO detalle_pedidos VALUES (12, 6, 15, 2, 49999, 0.15, 84998);
INSERT INTO detalle_pedidos VALUES (13, 7, 38, 3, 299999, 0, 899997);
INSERT INTO detalle_pedidos VALUES (14, 8, 18, 1, 249999, 0, 249999);
INSERT INTO detalle_pedidos VALUES (15, 9, 19, 2, 29999, 0.15, 50998);
INSERT INTO detalle_pedidos VALUES (16, 9, 29, 2, 79999, 0.15, 135998);
INSERT INTO detalle_pedidos VALUES (17, 9, 8, 2, 249999, 0, 499998);
INSERT INTO detalle_pedidos VALUES (18, 10, 21, 1, 89999, 0, 89999);
INSERT INTO detalle_pedidos VALUES (19, 10, 39, 3, 199999, 0.1, 539997);
INSERT INTO detalle_pedidos VALUES (20, 10, 17, 3, 129999, 0, 389997);
INSERT INTO detalle_pedidos VALUES (21, 10, 2, 3, 1299999, 0, 3899997);
INSERT INTO detalle_pedidos VALUES (22, 11, 29, 1, 79999, 0.1, 71999);
INSERT INTO detalle_pedidos VALUES (23, 11, 18, 2, 249999, 0.15, 424998);
INSERT INTO detalle_pedidos VALUES (24, 12, 7, 1, 299999, 0, 299999);
INSERT INTO detalle_pedidos VALUES (25, 13, 36, 2, 249999, 0, 499998);
INSERT INTO detalle_pedidos VALUES (26, 13, 3, 2, 549999, 0, 1099998);
INSERT INTO detalle_pedidos VALUES (27, 13, 30, 2, 69999, 0.1, 125998);
INSERT INTO detalle_pedidos VALUES (28, 13, 6, 1, 999999, 0.15, 849999);
INSERT INTO detalle_pedidos VALUES (29, 14, 40, 3, 999999, 0.05, 2849997);
INSERT INTO detalle_pedidos VALUES (30, 14, 32, 1, 44999, 0, 44999);
INSERT INTO detalle_pedidos VALUES (31, 15, 8, 3, 249999, 0.1, 674997);
INSERT INTO detalle_pedidos VALUES (32, 15, 2, 1, 1299999, 0.15, 1104999);
INSERT INTO detalle_pedidos VALUES (33, 16, 15, 2, 49999, 0, 99998);
INSERT INTO detalle_pedidos VALUES (34, 16, 8, 3, 249999, 0, 749997);
INSERT INTO detalle_pedidos VALUES (35, 17, 31, 2, 29999, 0, 59998);
INSERT INTO detalle_pedidos VALUES (36, 18, 9, 2, 749999, 0.05, 1424998);
INSERT INTO detalle_pedidos VALUES (37, 18, 5, 2, 399999, 0.1, 719998);
INSERT INTO detalle_pedidos VALUES (38, 19, 38, 2, 299999, 0.1, 539998);
INSERT INTO detalle_pedidos VALUES (39, 19, 32, 2, 44999, 0, 89998);
INSERT INTO detalle_pedidos VALUES (40, 19, 10, 2, 899999, 0.1, 1619998);
INSERT INTO detalle_pedidos VALUES (41, 20, 16, 2, 299999, 0, 599998);
INSERT INTO detalle_pedidos VALUES (42, 20, 37, 2, 699999, 0.15, 1189998);
INSERT INTO detalle_pedidos VALUES (43, 20, 25, 2, 14999, 0.15, 25498);
INSERT INTO detalle_pedidos VALUES (44, 20, 15, 2, 49999, 0.05, 94998);
INSERT INTO detalle_pedidos VALUES (45, 21, 33, 3, 349999, 0, 1049997);
INSERT INTO detalle_pedidos VALUES (46, 22, 10, 3, 899999, 0, 2699997);
INSERT INTO detalle_pedidos VALUES (47, 22, 27, 1, 449999, 0.05, 427499);
INSERT INTO detalle_pedidos VALUES (48, 23, 22, 2, 39999, 0, 79998);
INSERT INTO detalle_pedidos VALUES (49, 23, 35, 3, 39999, 0.15, 101997);
INSERT INTO detalle_pedidos VALUES (50, 24, 19, 3, 29999, 0, 89997);
INSERT INTO detalle_pedidos VALUES (51, 24, 15, 2, 49999, 0, 99998);
INSERT INTO detalle_pedidos VALUES (52, 25, 2, 2, 1299999, 0, 2599998);
INSERT INTO detalle_pedidos VALUES (53, 25, 3, 2, 549999, 0, 1099998);
INSERT INTO detalle_pedidos VALUES (54, 26, 12, 1, 649999, 0, 649999);
INSERT INTO detalle_pedidos VALUES (55, 26, 11, 3, 999999, 0.05, 2849997);
INSERT INTO detalle_pedidos VALUES (56, 27, 15, 3, 49999, 0, 149997);
INSERT INTO detalle_pedidos VALUES (57, 27, 30, 2, 69999, 0, 139998);
INSERT INTO detalle_pedidos VALUES (58, 28, 11, 2, 999999, 0, 1999998);
INSERT INTO detalle_pedidos VALUES (59, 28, 5, 3, 399999, 0, 1199997);
INSERT INTO detalle_pedidos VALUES (60, 29, 13, 1, 599999, 0, 599999);
INSERT INTO detalle_pedidos VALUES (61, 29, 25, 2, 14999, 0.1, 26998);
INSERT INTO detalle_pedidos VALUES (62, 29, 31, 2, 29999, 0.1, 53998);
INSERT INTO detalle_pedidos VALUES (63, 30, 26, 3, 24999, 0.15, 63747);
INSERT INTO detalle_pedidos VALUES (64, 30, 18, 3, 249999, 0, 749997);
INSERT INTO detalle_pedidos VALUES (65, 30, 1, 3, 899999, 0.15, 2294997);
INSERT INTO detalle_pedidos VALUES (66, 31, 23, 3, 59999, 0, 179997);
INSERT INTO detalle_pedidos VALUES (67, 31, 15, 3, 49999, 0, 149997);
INSERT INTO detalle_pedidos VALUES (68, 32, 3, 2, 549999, 0, 1099998);
INSERT INTO detalle_pedidos VALUES (69, 32, 20, 3, 149999, 0, 449997);
INSERT INTO detalle_pedidos VALUES (70, 33, 13, 3, 599999, 0, 1799997);
INSERT INTO detalle_pedidos VALUES (71, 33, 9, 3, 749999, 0.1, 2024997);
INSERT INTO detalle_pedidos VALUES (72, 34, 19, 1, 29999, 0, 29999);
INSERT INTO detalle_pedidos VALUES (73, 34, 22, 1, 39999, 0.15, 33999);
INSERT INTO detalle_pedidos VALUES (74, 34, 8, 3, 249999, 0.15, 637497);
INSERT INTO detalle_pedidos VALUES (75, 34, 30, 2, 69999, 0.1, 125998);
INSERT INTO detalle_pedidos VALUES (76, 35, 30, 3, 69999, 0.15, 178497);
INSERT INTO detalle_pedidos VALUES (77, 35, 24, 3, 34999, 0, 104997);
INSERT INTO detalle_pedidos VALUES (78, 36, 15, 2, 49999, 0, 99998);
INSERT INTO detalle_pedidos VALUES (79, 37, 30, 3, 69999, 0, 209997);
INSERT INTO detalle_pedidos VALUES (80, 38, 20, 1, 149999, 0.1, 134999);
INSERT INTO detalle_pedidos VALUES (81, 38, 32, 1, 44999, 0.05, 42749);
INSERT INTO detalle_pedidos VALUES (82, 38, 8, 2, 249999, 0, 499998);
INSERT INTO detalle_pedidos VALUES (83, 38, 7, 3, 299999, 0.15, 764997);
INSERT INTO detalle_pedidos VALUES (84, 39, 27, 3, 449999, 0, 1349997);
INSERT INTO detalle_pedidos VALUES (85, 40, 24, 1, 34999, 0.05, 33249);
INSERT INTO detalle_pedidos VALUES (86, 41, 35, 1, 39999, 0.05, 37999);
INSERT INTO detalle_pedidos VALUES (87, 41, 23, 2, 59999, 0, 119998);
INSERT INTO detalle_pedidos VALUES (88, 42, 39, 1, 199999, 0, 199999);
INSERT INTO detalle_pedidos VALUES (89, 42, 2, 1, 1299999, 0, 1299999);
INSERT INTO detalle_pedidos VALUES (90, 43, 38, 1, 299999, 0, 299999);
INSERT INTO detalle_pedidos VALUES (91, 43, 14, 1, 1899999, 0.1, 1709999);
INSERT INTO detalle_pedidos VALUES (92, 44, 12, 3, 649999, 0, 1949997);
INSERT INTO detalle_pedidos VALUES (93, 44, 8, 1, 249999, 0, 249999);
INSERT INTO detalle_pedidos VALUES (94, 45, 4, 1, 699999, 0.15, 594999);
INSERT INTO detalle_pedidos VALUES (95, 46, 33, 2, 349999, 0.1, 629998);
INSERT INTO detalle_pedidos VALUES (96, 46, 38, 1, 299999, 0.1, 269999);
INSERT INTO detalle_pedidos VALUES (97, 46, 7, 1, 299999, 0.15, 254999);
INSERT INTO detalle_pedidos VALUES (98, 47, 31, 2, 29999, 0.05, 56998);
INSERT INTO detalle_pedidos VALUES (99, 48, 6, 3, 999999, 0, 2999997);
INSERT INTO detalle_pedidos VALUES (100, 48, 21, 1, 89999, 0, 89999);
INSERT INTO detalle_pedidos VALUES (101, 49, 25, 2, 14999, 0.05, 28498);
INSERT INTO detalle_pedidos VALUES (102, 49, 39, 3, 199999, 0.1, 539997);
INSERT INTO detalle_pedidos VALUES (103, 49, 34, 2, 299999, 0, 599998);
INSERT INTO detalle_pedidos VALUES (104, 50, 14, 2, 1899999, 0, 3799998);
INSERT INTO detalle_pedidos VALUES (105, 50, 28, 2, 349999, 0, 699998);
INSERT INTO detalle_pedidos VALUES (106, 51, 21, 3, 89999, 0, 269997);
INSERT INTO detalle_pedidos VALUES (107, 52, 6, 1, 999999, 0.05, 949999);
INSERT INTO detalle_pedidos VALUES (108, 53, 36, 3, 249999, 0, 749997);
INSERT INTO detalle_pedidos VALUES (109, 53, 22, 2, 39999, 0, 79998);
INSERT INTO detalle_pedidos VALUES (110, 54, 20, 2, 149999, 0, 299998);
INSERT INTO detalle_pedidos VALUES (111, 55, 23, 1, 59999, 0, 59999);
INSERT INTO detalle_pedidos VALUES (112, 55, 36, 3, 249999, 0, 749997);
INSERT INTO detalle_pedidos VALUES (113, 55, 24, 2, 34999, 0.1, 62998);
INSERT INTO detalle_pedidos VALUES (114, 56, 18, 1, 249999, 0, 249999);
INSERT INTO detalle_pedidos VALUES (115, 57, 1, 1, 899999, 0, 899999);
INSERT INTO detalle_pedidos VALUES (116, 58, 2, 1, 1299999, 0.05, 1234999);
INSERT INTO detalle_pedidos VALUES (117, 58, 6, 2, 999999, 0.05, 1899998);
INSERT INTO detalle_pedidos VALUES (118, 58, 34, 2, 299999, 0, 599998);
INSERT INTO detalle_pedidos VALUES (119, 59, 39, 1, 199999, 0.1, 179999);
INSERT INTO detalle_pedidos VALUES (120, 59, 6, 1, 999999, 0.15, 849999);
INSERT INTO detalle_pedidos VALUES (121, 59, 4, 1, 699999, 0, 699999);
INSERT INTO detalle_pedidos VALUES (122, 59, 10, 2, 899999, 0.15, 1529998);
INSERT INTO detalle_pedidos VALUES (123, 60, 8, 1, 249999, 0, 249999);
INSERT INTO detalle_pedidos VALUES (124, 60, 23, 3, 59999, 0.15, 152997);
INSERT INTO detalle_pedidos VALUES (125, 60, 28, 3, 349999, 0.05, 997497);
INSERT INTO detalle_pedidos VALUES (126, 61, 39, 1, 199999, 0, 199999);
INSERT INTO detalle_pedidos VALUES (127, 62, 19, 1, 29999, 0.05, 28499);
INSERT INTO detalle_pedidos VALUES (128, 62, 21, 3, 89999, 0.05, 256497);
INSERT INTO detalle_pedidos VALUES (129, 62, 8, 1, 249999, 0, 249999);
INSERT INTO detalle_pedidos VALUES (130, 63, 23, 2, 59999, 0.15, 101998);
INSERT INTO detalle_pedidos VALUES (131, 63, 5, 1, 399999, 0.05, 379999);
INSERT INTO detalle_pedidos VALUES (132, 64, 37, 3, 699999, 0.15, 1784997);
INSERT INTO detalle_pedidos VALUES (133, 64, 26, 2, 24999, 0, 49998);
INSERT INTO detalle_pedidos VALUES (134, 65, 40, 2, 999999, 0.15, 1699998);
INSERT INTO detalle_pedidos VALUES (135, 66, 38, 2, 299999, 0.1, 539998);
INSERT INTO detalle_pedidos VALUES (136, 67, 11, 1, 999999, 0.1, 899999);
INSERT INTO detalle_pedidos VALUES (137, 68, 23, 1, 59999, 0, 59999);
INSERT INTO detalle_pedidos VALUES (138, 68, 10, 1, 899999, 0, 899999);
INSERT INTO detalle_pedidos VALUES (139, 68, 16, 3, 299999, 0, 899997);
INSERT INTO detalle_pedidos VALUES (140, 68, 7, 3, 299999, 0, 899997);
INSERT INTO detalle_pedidos VALUES (141, 69, 38, 3, 299999, 0.1, 809997);
INSERT INTO detalle_pedidos VALUES (142, 69, 29, 3, 79999, 0.15, 203997);
INSERT INTO detalle_pedidos VALUES (143, 70, 31, 3, 29999, 0, 89997);
INSERT INTO detalle_pedidos VALUES (144, 70, 29, 2, 79999, 0.1, 143998);
INSERT INTO detalle_pedidos VALUES (145, 71, 3, 2, 549999, 0, 1099998);
INSERT INTO detalle_pedidos VALUES (146, 71, 4, 1, 699999, 0.15, 594999);
INSERT INTO detalle_pedidos VALUES (147, 72, 36, 2, 249999, 0.1, 449998);
INSERT INTO detalle_pedidos VALUES (148, 72, 3, 3, 549999, 0, 1649997);
INSERT INTO detalle_pedidos VALUES (149, 73, 29, 3, 79999, 0, 239997);
INSERT INTO detalle_pedidos VALUES (150, 73, 7, 1, 299999, 0, 299999);
INSERT INTO detalle_pedidos VALUES (151, 73, 22, 3, 39999, 0.05, 113997);
INSERT INTO detalle_pedidos VALUES (152, 73, 6, 2, 999999, 0.1, 1799998);
INSERT INTO detalle_pedidos VALUES (153, 73, 33, 3, 349999, 0.1, 944997);
INSERT INTO detalle_pedidos VALUES (154, 74, 22, 3, 39999, 0.1, 107997);
INSERT INTO detalle_pedidos VALUES (155, 75, 36, 3, 249999, 0.05, 712497);
INSERT INTO detalle_pedidos VALUES (156, 76, 39, 3, 199999, 0, 599997);
INSERT INTO detalle_pedidos VALUES (157, 76, 10, 2, 899999, 0, 1799998);
INSERT INTO detalle_pedidos VALUES (158, 76, 22, 3, 39999, 0.15, 101997);
INSERT INTO detalle_pedidos VALUES (159, 76, 6, 3, 999999, 0.05, 2849997);
INSERT INTO detalle_pedidos VALUES (160, 76, 38, 1, 299999, 0.1, 269999);
INSERT INTO detalle_pedidos VALUES (161, 77, 9, 3, 749999, 0.15, 1912497);
INSERT INTO detalle_pedidos VALUES (162, 77, 34, 2, 299999, 0.1, 539998);
INSERT INTO detalle_pedidos VALUES (163, 77, 6, 2, 999999, 0, 1999998);
INSERT INTO detalle_pedidos VALUES (164, 78, 32, 1, 44999, 0, 44999);
INSERT INTO detalle_pedidos VALUES (165, 79, 33, 1, 349999, 0.15, 297499);
INSERT INTO detalle_pedidos VALUES (166, 79, 35, 2, 39999, 0.1, 71998);
INSERT INTO detalle_pedidos VALUES (167, 79, 34, 1, 299999, 0.1, 269999);
INSERT INTO detalle_pedidos VALUES (168, 80, 40, 3, 999999, 0.05, 2849997);
INSERT INTO detalle_pedidos VALUES (169, 80, 11, 1, 999999, 0.05, 949999);
INSERT INTO detalle_pedidos VALUES (170, 81, 19, 1, 29999, 0.1, 26999);
INSERT INTO detalle_pedidos VALUES (171, 81, 29, 1, 79999, 0, 79999);
INSERT INTO detalle_pedidos VALUES (172, 82, 29, 2, 79999, 0.05, 151998);
INSERT INTO detalle_pedidos VALUES (173, 82, 30, 3, 69999, 0.1, 188997);
INSERT INTO detalle_pedidos VALUES (174, 83, 17, 1, 129999, 0.15, 110499);
INSERT INTO detalle_pedidos VALUES (175, 84, 34, 1, 299999, 0, 299999);
INSERT INTO detalle_pedidos VALUES (176, 84, 8, 2, 249999, 0.05, 474998);
INSERT INTO detalle_pedidos VALUES (177, 84, 19, 3, 29999, 0, 89997);
INSERT INTO detalle_pedidos VALUES (178, 85, 2, 3, 1299999, 0, 3899997);
INSERT INTO detalle_pedidos VALUES (179, 85, 27, 1, 449999, 0.05, 427499);
INSERT INTO detalle_pedidos VALUES (180, 85, 4, 1, 699999, 0, 699999);
INSERT INTO detalle_pedidos VALUES (181, 85, 26, 1, 24999, 0, 24999);
INSERT INTO detalle_pedidos VALUES (182, 86, 9, 2, 749999, 0.15, 1274998);
INSERT INTO detalle_pedidos VALUES (183, 86, 3, 1, 549999, 0.15, 467499);
INSERT INTO detalle_pedidos VALUES (184, 86, 19, 2, 29999, 0.05, 56998);
INSERT INTO detalle_pedidos VALUES (185, 87, 10, 3, 899999, 0.15, 2294997);
INSERT INTO detalle_pedidos VALUES (186, 88, 4, 1, 699999, 0.05, 664999);
INSERT INTO detalle_pedidos VALUES (187, 89, 32, 1, 44999, 0.15, 38249);
INSERT INTO detalle_pedidos VALUES (188, 89, 39, 3, 199999, 0.1, 539997);
INSERT INTO detalle_pedidos VALUES (189, 89, 35, 1, 39999, 0.15, 33999);
INSERT INTO detalle_pedidos VALUES (190, 90, 37, 2, 699999, 0, 1399998);
INSERT INTO detalle_pedidos VALUES (191, 91, 34, 3, 299999, 0.1, 809997);
INSERT INTO detalle_pedidos VALUES (192, 92, 24, 2, 34999, 0.15, 59498);
INSERT INTO detalle_pedidos VALUES (193, 93, 7, 1, 299999, 0, 299999);
INSERT INTO detalle_pedidos VALUES (194, 93, 38, 2, 299999, 0.1, 539998);
INSERT INTO detalle_pedidos VALUES (195, 93, 22, 2, 39999, 0.15, 67998);
INSERT INTO detalle_pedidos VALUES (196, 94, 12, 1, 649999, 0.15, 552499);
INSERT INTO detalle_pedidos VALUES (197, 94, 9, 2, 749999, 0, 1499998);
INSERT INTO detalle_pedidos VALUES (198, 95, 21, 3, 89999, 0.05, 256497);
INSERT INTO detalle_pedidos VALUES (199, 95, 20, 2, 149999, 0, 299998);
INSERT INTO detalle_pedidos VALUES (200, 95, 33, 3, 349999, 0, 1049997);
INSERT INTO detalle_pedidos VALUES (201, 95, 26, 2, 24999, 0, 49998);
INSERT INTO detalle_pedidos VALUES (202, 96, 28, 2, 349999, 0, 699998);
INSERT INTO detalle_pedidos VALUES (203, 96, 26, 1, 24999, 0.05, 23749);
INSERT INTO detalle_pedidos VALUES (204, 96, 29, 3, 79999, 0.05, 227997);
INSERT INTO detalle_pedidos VALUES (205, 97, 39, 1, 199999, 0.1, 179999);
INSERT INTO detalle_pedidos VALUES (206, 98, 20, 3, 149999, 0.15, 382497);
INSERT INTO detalle_pedidos VALUES (207, 98, 29, 2, 79999, 0, 159998);
INSERT INTO detalle_pedidos VALUES (208, 99, 23, 2, 59999, 0.15, 101998);
INSERT INTO detalle_pedidos VALUES (209, 99, 40, 1, 999999, 0, 999999);
INSERT INTO detalle_pedidos VALUES (210, 99, 28, 3, 349999, 0.15, 892497);
INSERT INTO detalle_pedidos VALUES (211, 100, 2, 3, 1299999, 0.15, 3314997);
INSERT INTO detalle_pedidos VALUES (212, 100, 10, 2, 899999, 0, 1799998);
INSERT INTO detalle_pedidos VALUES (213, 101, 25, 3, 14999, 0, 44997);
INSERT INTO detalle_pedidos VALUES (214, 102, 29, 1, 79999, 0.1, 71999);
INSERT INTO detalle_pedidos VALUES (215, 103, 8, 1, 249999, 0.15, 212499);
INSERT INTO detalle_pedidos VALUES (216, 104, 29, 2, 79999, 0.15, 135998);
INSERT INTO detalle_pedidos VALUES (217, 104, 14, 2, 1899999, 0, 3799998);
INSERT INTO detalle_pedidos VALUES (218, 104, 40, 1, 999999, 0, 999999);
INSERT INTO detalle_pedidos VALUES (219, 105, 6, 3, 999999, 0, 2999997);
INSERT INTO detalle_pedidos VALUES (220, 105, 21, 3, 89999, 0, 269997);
INSERT INTO detalle_pedidos VALUES (221, 106, 12, 1, 649999, 0, 649999);
INSERT INTO detalle_pedidos VALUES (222, 106, 24, 1, 34999, 0, 34999);
INSERT INTO detalle_pedidos VALUES (223, 106, 33, 1, 349999, 0.05, 332499);
INSERT INTO detalle_pedidos VALUES (224, 107, 36, 3, 249999, 0, 749997);
INSERT INTO detalle_pedidos VALUES (225, 107, 9, 1, 749999, 0, 749999);
INSERT INTO detalle_pedidos VALUES (226, 108, 27, 1, 449999, 0, 449999);
INSERT INTO detalle_pedidos VALUES (227, 108, 37, 2, 699999, 0.15, 1189998);
INSERT INTO detalle_pedidos VALUES (228, 109, 36, 3, 249999, 0.1, 674997);
INSERT INTO detalle_pedidos VALUES (229, 110, 8, 1, 249999, 0, 249999);
INSERT INTO detalle_pedidos VALUES (230, 110, 34, 2, 299999, 0.15, 509998);
INSERT INTO detalle_pedidos VALUES (231, 110, 10, 1, 899999, 0, 899999);
INSERT INTO detalle_pedidos VALUES (232, 110, 20, 3, 149999, 0, 449997);
INSERT INTO detalle_pedidos VALUES (233, 111, 9, 3, 749999, 0.1, 2024997);
INSERT INTO detalle_pedidos VALUES (234, 111, 20, 1, 149999, 0.1, 134999);
INSERT INTO detalle_pedidos VALUES (235, 112, 40, 3, 999999, 0.1, 2699997);
INSERT INTO detalle_pedidos VALUES (236, 113, 37, 3, 699999, 0.15, 1784997);
INSERT INTO detalle_pedidos VALUES (237, 113, 17, 1, 129999, 0.05, 123499);
INSERT INTO detalle_pedidos VALUES (238, 113, 14, 3, 1899999, 0.1, 5129997);
INSERT INTO detalle_pedidos VALUES (239, 113, 27, 2, 449999, 0.15, 764998);
INSERT INTO detalle_pedidos VALUES (240, 114, 4, 2, 699999, 0.05, 1329998);
INSERT INTO detalle_pedidos VALUES (241, 114, 11, 2, 999999, 0.05, 1899998);
INSERT INTO detalle_pedidos VALUES (242, 115, 21, 2, 89999, 0.1, 161998);
INSERT INTO detalle_pedidos VALUES (243, 115, 23, 3, 59999, 0, 179997);
INSERT INTO detalle_pedidos VALUES (244, 115, 26, 2, 24999, 0, 49998);
INSERT INTO detalle_pedidos VALUES (245, 115, 9, 2, 749999, 0, 1499998);
INSERT INTO detalle_pedidos VALUES (246, 116, 25, 3, 14999, 0.05, 42747);
INSERT INTO detalle_pedidos VALUES (247, 117, 13, 3, 599999, 0.05, 1709997);
INSERT INTO detalle_pedidos VALUES (248, 117, 11, 2, 999999, 0, 1999998);
INSERT INTO detalle_pedidos VALUES (249, 117, 32, 2, 44999, 0, 89998);
INSERT INTO detalle_pedidos VALUES (250, 118, 38, 2, 299999, 0, 599998);
INSERT INTO detalle_pedidos VALUES (251, 119, 31, 1, 29999, 0, 29999);
INSERT INTO detalle_pedidos VALUES (252, 119, 19, 2, 29999, 0, 59998);
INSERT INTO detalle_pedidos VALUES (253, 119, 35, 2, 39999, 0.15, 67998);
INSERT INTO detalle_pedidos VALUES (254, 120, 36, 1, 249999, 0, 249999);
INSERT INTO detalle_pedidos VALUES (255, 121, 36, 3, 249999, 0.15, 637497);
INSERT INTO detalle_pedidos VALUES (256, 121, 18, 3, 249999, 0, 749997);
INSERT INTO detalle_pedidos VALUES (257, 122, 36, 3, 249999, 0.05, 712497);
INSERT INTO detalle_pedidos VALUES (258, 122, 24, 3, 34999, 0, 104997);
INSERT INTO detalle_pedidos VALUES (259, 122, 10, 1, 899999, 0, 899999);
INSERT INTO detalle_pedidos VALUES (260, 122, 13, 1, 599999, 0.15, 509999);
INSERT INTO detalle_pedidos VALUES (261, 122, 39, 2, 199999, 0.05, 379998);
INSERT INTO detalle_pedidos VALUES (262, 123, 21, 2, 89999, 0, 179998);
INSERT INTO detalle_pedidos VALUES (263, 123, 40, 2, 999999, 0.1, 1799998);
INSERT INTO detalle_pedidos VALUES (264, 124, 20, 2, 149999, 0, 299998);
INSERT INTO detalle_pedidos VALUES (265, 124, 31, 3, 29999, 0, 89997);
INSERT INTO detalle_pedidos VALUES (266, 124, 2, 2, 1299999, 0.1, 2339998);
INSERT INTO detalle_pedidos VALUES (267, 125, 38, 1, 299999, 0.15, 254999);
INSERT INTO detalle_pedidos VALUES (268, 125, 37, 1, 699999, 0.1, 629999);
INSERT INTO detalle_pedidos VALUES (269, 126, 25, 3, 14999, 0, 44997);
INSERT INTO detalle_pedidos VALUES (270, 126, 10, 1, 899999, 0.1, 809999);
INSERT INTO detalle_pedidos VALUES (271, 127, 27, 2, 449999, 0.1, 809998);
INSERT INTO detalle_pedidos VALUES (272, 127, 14, 3, 1899999, 0.05, 5414997);
INSERT INTO detalle_pedidos VALUES (273, 128, 31, 2, 29999, 0, 59998);
INSERT INTO detalle_pedidos VALUES (274, 128, 34, 1, 299999, 0.05, 284999);
INSERT INTO detalle_pedidos VALUES (275, 129, 17, 1, 129999, 0, 129999);
INSERT INTO detalle_pedidos VALUES (276, 129, 40, 2, 999999, 0.1, 1799998);
INSERT INTO detalle_pedidos VALUES (277, 129, 31, 2, 29999, 0, 59998);
INSERT INTO detalle_pedidos VALUES (278, 130, 21, 3, 89999, 0.15, 229497);
INSERT INTO detalle_pedidos VALUES (279, 130, 31, 2, 29999, 0, 59998);
INSERT INTO detalle_pedidos VALUES (280, 130, 23, 1, 59999, 0.1, 53999);
INSERT INTO detalle_pedidos VALUES (281, 131, 10, 2, 899999, 0.15, 1529998);
INSERT INTO detalle_pedidos VALUES (282, 131, 19, 2, 29999, 0.15, 50998);
INSERT INTO detalle_pedidos VALUES (283, 131, 3, 2, 549999, 0, 1099998);
INSERT INTO detalle_pedidos VALUES (284, 131, 6, 1, 999999, 0.1, 899999);
INSERT INTO detalle_pedidos VALUES (285, 131, 23, 2, 59999, 0.1, 107998);
INSERT INTO detalle_pedidos VALUES (286, 132, 16, 3, 299999, 0.1, 809997);
INSERT INTO detalle_pedidos VALUES (287, 132, 4, 1, 699999, 0.15, 594999);
INSERT INTO detalle_pedidos VALUES (288, 133, 7, 3, 299999, 0, 899997);
INSERT INTO detalle_pedidos VALUES (289, 133, 9, 2, 749999, 0.15, 1274998);
INSERT INTO detalle_pedidos VALUES (290, 133, 1, 2, 899999, 0.05, 1709998);
INSERT INTO detalle_pedidos VALUES (291, 134, 4, 1, 699999, 0.15, 594999);
INSERT INTO detalle_pedidos VALUES (292, 135, 3, 2, 549999, 0, 1099998);
INSERT INTO detalle_pedidos VALUES (293, 135, 12, 3, 649999, 0, 1949997);
INSERT INTO detalle_pedidos VALUES (294, 135, 27, 1, 449999, 0, 449999);
INSERT INTO detalle_pedidos VALUES (295, 135, 26, 2, 24999, 0.1, 44998);
INSERT INTO detalle_pedidos VALUES (296, 136, 35, 2, 39999, 0, 79998);
INSERT INTO detalle_pedidos VALUES (297, 136, 34, 1, 299999, 0, 299999);
INSERT INTO detalle_pedidos VALUES (298, 136, 32, 2, 44999, 0, 89998);
INSERT INTO detalle_pedidos VALUES (299, 136, 9, 3, 749999, 0.05, 2137497);
INSERT INTO detalle_pedidos VALUES (300, 136, 33, 3, 349999, 0, 1049997);
INSERT INTO detalle_pedidos VALUES (301, 137, 13, 1, 599999, 0.1, 539999);
INSERT INTO detalle_pedidos VALUES (302, 138, 7, 1, 299999, 0, 299999);
INSERT INTO detalle_pedidos VALUES (303, 139, 29, 2, 79999, 0, 159998);
INSERT INTO detalle_pedidos VALUES (304, 140, 16, 1, 299999, 0.15, 254999);
INSERT INTO detalle_pedidos VALUES (305, 141, 20, 3, 149999, 0, 449997);
INSERT INTO detalle_pedidos VALUES (306, 141, 8, 2, 249999, 0.1, 449998);
INSERT INTO detalle_pedidos VALUES (307, 142, 39, 2, 199999, 0.15, 339998);
INSERT INTO detalle_pedidos VALUES (308, 142, 24, 3, 34999, 0.05, 99747);
INSERT INTO detalle_pedidos VALUES (309, 143, 39, 3, 199999, 0.05, 569997);
INSERT INTO detalle_pedidos VALUES (310, 143, 6, 3, 999999, 0.15, 2549997);
INSERT INTO detalle_pedidos VALUES (311, 144, 33, 3, 349999, 0, 1049997);
INSERT INTO detalle_pedidos VALUES (312, 144, 13, 1, 599999, 0, 599999);
INSERT INTO detalle_pedidos VALUES (313, 144, 37, 3, 699999, 0.05, 1994997);
INSERT INTO detalle_pedidos VALUES (314, 145, 33, 1, 349999, 0.05, 332499);
INSERT INTO detalle_pedidos VALUES (315, 145, 29, 1, 79999, 0.1, 71999);
INSERT INTO detalle_pedidos VALUES (316, 146, 20, 2, 149999, 0, 299998);
INSERT INTO detalle_pedidos VALUES (317, 146, 2, 1, 1299999, 0.15, 1104999);
INSERT INTO detalle_pedidos VALUES (318, 147, 4, 1, 699999, 0.05, 664999);
INSERT INTO detalle_pedidos VALUES (319, 148, 27, 2, 449999, 0.05, 854998);
INSERT INTO detalle_pedidos VALUES (320, 149, 35, 3, 39999, 0.05, 113997);
INSERT INTO detalle_pedidos VALUES (321, 149, 9, 3, 749999, 0, 2249997);
INSERT INTO detalle_pedidos VALUES (322, 149, 23, 3, 59999, 0, 179997);
INSERT INTO detalle_pedidos VALUES (323, 149, 8, 1, 249999, 0, 249999);
INSERT INTO detalle_pedidos VALUES (324, 149, 12, 2, 649999, 0.05, 1234998);
INSERT INTO detalle_pedidos VALUES (325, 150, 23, 1, 59999, 0, 59999);
INSERT INTO detalle_pedidos VALUES (326, 151, 2, 1, 1299999, 0, 1299999);
INSERT INTO detalle_pedidos VALUES (327, 151, 16, 1, 299999, 0.1, 269999);
INSERT INTO detalle_pedidos VALUES (328, 152, 16, 1, 299999, 0.1, 269999);
INSERT INTO detalle_pedidos VALUES (329, 152, 3, 1, 549999, 0, 549999);
INSERT INTO detalle_pedidos VALUES (330, 152, 26, 1, 24999, 0.1, 22499);
INSERT INTO detalle_pedidos VALUES (331, 152, 29, 2, 79999, 0, 159998);
INSERT INTO detalle_pedidos VALUES (332, 153, 21, 2, 89999, 0, 179998);
INSERT INTO detalle_pedidos VALUES (333, 153, 16, 3, 299999, 0.1, 809997);
INSERT INTO detalle_pedidos VALUES (334, 154, 38, 3, 299999, 0.15, 764997);
INSERT INTO detalle_pedidos VALUES (335, 154, 12, 2, 649999, 0.1, 1169998);
INSERT INTO detalle_pedidos VALUES (336, 155, 34, 3, 299999, 0.05, 854997);
INSERT INTO detalle_pedidos VALUES (337, 155, 21, 2, 89999, 0, 179998);
INSERT INTO detalle_pedidos VALUES (338, 156, 15, 3, 49999, 0, 149997);
INSERT INTO detalle_pedidos VALUES (339, 156, 20, 2, 149999, 0, 299998);
INSERT INTO detalle_pedidos VALUES (340, 157, 16, 2, 299999, 0, 599998);
INSERT INTO detalle_pedidos VALUES (341, 158, 6, 1, 999999, 0, 999999);
INSERT INTO detalle_pedidos VALUES (342, 158, 35, 2, 39999, 0.15, 67998);
INSERT INTO detalle_pedidos VALUES (343, 158, 13, 3, 599999, 0.1, 1619997);
INSERT INTO detalle_pedidos VALUES (344, 159, 36, 2, 249999, 0, 499998);
INSERT INTO detalle_pedidos VALUES (345, 159, 14, 2, 1899999, 0, 3799998);
INSERT INTO detalle_pedidos VALUES (346, 160, 31, 1, 29999, 0.15, 25499);
INSERT INTO detalle_pedidos VALUES (347, 161, 21, 2, 89999, 0.05, 170998);
INSERT INTO detalle_pedidos VALUES (348, 162, 32, 1, 44999, 0.15, 38249);
INSERT INTO detalle_pedidos VALUES (349, 162, 30, 2, 69999, 0, 139998);
INSERT INTO detalle_pedidos VALUES (350, 163, 15, 1, 49999, 0, 49999);
INSERT INTO detalle_pedidos VALUES (351, 163, 10, 3, 899999, 0.1, 2429997);
INSERT INTO detalle_pedidos VALUES (352, 164, 25, 3, 14999, 0, 44997);
INSERT INTO detalle_pedidos VALUES (353, 165, 32, 3, 44999, 0, 134997);
INSERT INTO detalle_pedidos VALUES (354, 165, 30, 1, 69999, 0, 69999);
INSERT INTO detalle_pedidos VALUES (355, 165, 11, 3, 999999, 0.1, 2699997);
INSERT INTO detalle_pedidos VALUES (356, 166, 34, 2, 299999, 0, 599998);
INSERT INTO detalle_pedidos VALUES (357, 166, 3, 3, 549999, 0, 1649997);
INSERT INTO detalle_pedidos VALUES (358, 166, 5, 1, 399999, 0.15, 339999);
INSERT INTO detalle_pedidos VALUES (359, 166, 4, 1, 699999, 0, 699999);
INSERT INTO detalle_pedidos VALUES (360, 166, 1, 1, 899999, 0.1, 809999);
INSERT INTO detalle_pedidos VALUES (361, 167, 40, 3, 999999, 0.05, 2849997);
INSERT INTO detalle_pedidos VALUES (362, 167, 31, 1, 29999, 0, 29999);
INSERT INTO detalle_pedidos VALUES (363, 168, 19, 1, 29999, 0.1, 26999);
INSERT INTO detalle_pedidos VALUES (364, 169, 10, 1, 899999, 0, 899999);
INSERT INTO detalle_pedidos VALUES (365, 170, 24, 2, 34999, 0.05, 66498);
INSERT INTO detalle_pedidos VALUES (366, 171, 6, 1, 999999, 0.05, 949999);
INSERT INTO detalle_pedidos VALUES (367, 171, 3, 2, 549999, 0.05, 1044998);
INSERT INTO detalle_pedidos VALUES (368, 172, 6, 3, 999999, 0, 2999997);
INSERT INTO detalle_pedidos VALUES (369, 172, 32, 3, 44999, 0, 134997);
INSERT INTO detalle_pedidos VALUES (370, 172, 28, 3, 349999, 0, 1049997);
INSERT INTO detalle_pedidos VALUES (371, 173, 3, 3, 549999, 0, 1649997);
INSERT INTO detalle_pedidos VALUES (372, 173, 5, 3, 399999, 0.1, 1079997);
INSERT INTO detalle_pedidos VALUES (373, 174, 14, 3, 1899999, 0, 5699997);
INSERT INTO detalle_pedidos VALUES (374, 175, 25, 3, 14999, 0.1, 40497);
INSERT INTO detalle_pedidos VALUES (375, 176, 6, 1, 999999, 0, 999999);
INSERT INTO detalle_pedidos VALUES (376, 176, 33, 2, 349999, 0, 699998);
INSERT INTO detalle_pedidos VALUES (377, 176, 23, 1, 59999, 0, 59999);
INSERT INTO detalle_pedidos VALUES (378, 177, 2, 2, 1299999, 0, 2599998);
INSERT INTO detalle_pedidos VALUES (379, 177, 18, 2, 249999, 0.1, 449998);
INSERT INTO detalle_pedidos VALUES (380, 177, 29, 2, 79999, 0.05, 151998);
INSERT INTO detalle_pedidos VALUES (381, 178, 40, 2, 999999, 0, 1999998);
INSERT INTO detalle_pedidos VALUES (382, 179, 10, 2, 899999, 0, 1799998);
INSERT INTO detalle_pedidos VALUES (383, 179, 25, 1, 14999, 0, 14999);
INSERT INTO detalle_pedidos VALUES (384, 179, 21, 2, 89999, 0.05, 170998);
INSERT INTO detalle_pedidos VALUES (385, 180, 29, 3, 79999, 0.1, 215997);
INSERT INTO detalle_pedidos VALUES (386, 181, 6, 3, 999999, 0.1, 2699997);
INSERT INTO detalle_pedidos VALUES (387, 182, 6, 3, 999999, 0.1, 2699997);
INSERT INTO detalle_pedidos VALUES (388, 183, 20, 2, 149999, 0.05, 284998);
INSERT INTO detalle_pedidos VALUES (389, 184, 31, 2, 29999, 0, 59998);
INSERT INTO detalle_pedidos VALUES (390, 184, 5, 1, 399999, 0.15, 339999);
INSERT INTO detalle_pedidos VALUES (391, 185, 1, 2, 899999, 0, 1799998);
INSERT INTO detalle_pedidos VALUES (392, 186, 39, 2, 199999, 0, 399998);
INSERT INTO detalle_pedidos VALUES (393, 186, 9, 3, 749999, 0.15, 1912497);
INSERT INTO detalle_pedidos VALUES (394, 187, 21, 2, 89999, 0.15, 152998);
INSERT INTO detalle_pedidos VALUES (395, 188, 21, 2, 89999, 0, 179998);
INSERT INTO detalle_pedidos VALUES (396, 188, 25, 1, 14999, 0.1, 13499);
INSERT INTO detalle_pedidos VALUES (397, 188, 18, 1, 249999, 0.1, 224999);
INSERT INTO detalle_pedidos VALUES (398, 189, 30, 3, 69999, 0, 209997);
INSERT INTO detalle_pedidos VALUES (399, 190, 27, 3, 449999, 0, 1349997);
INSERT INTO detalle_pedidos VALUES (400, 190, 32, 1, 44999, 0, 44999);
INSERT INTO detalle_pedidos VALUES (401, 190, 9, 3, 749999, 0, 2249997);
INSERT INTO detalle_pedidos VALUES (402, 191, 38, 3, 299999, 0.1, 809997);
INSERT INTO detalle_pedidos VALUES (403, 191, 26, 3, 24999, 0.05, 71247);
INSERT INTO detalle_pedidos VALUES (404, 192, 39, 1, 199999, 0.15, 169999);
INSERT INTO detalle_pedidos VALUES (405, 192, 6, 3, 999999, 0, 2999997);
INSERT INTO detalle_pedidos VALUES (406, 192, 7, 1, 299999, 0.15, 254999);
INSERT INTO detalle_pedidos VALUES (407, 193, 26, 2, 24999, 0, 49998);
INSERT INTO detalle_pedidos VALUES (408, 193, 22, 1, 39999, 0, 39999);
INSERT INTO detalle_pedidos VALUES (409, 194, 37, 2, 699999, 0, 1399998);
INSERT INTO detalle_pedidos VALUES (410, 194, 15, 2, 49999, 0.05, 94998);
INSERT INTO detalle_pedidos VALUES (411, 195, 7, 2, 299999, 0.05, 569998);
INSERT INTO detalle_pedidos VALUES (412, 196, 30, 1, 69999, 0.1, 62999);
INSERT INTO detalle_pedidos VALUES (413, 197, 29, 2, 79999, 0, 159998);
INSERT INTO detalle_pedidos VALUES (414, 197, 21, 3, 89999, 0, 269997);
INSERT INTO detalle_pedidos VALUES (415, 197, 5, 1, 399999, 0, 399999);
INSERT INTO detalle_pedidos VALUES (416, 198, 16, 1, 299999, 0, 299999);
INSERT INTO detalle_pedidos VALUES (417, 198, 34, 3, 299999, 0.05, 854997);
INSERT INTO detalle_pedidos VALUES (418, 198, 12, 2, 649999, 0, 1299998);
INSERT INTO detalle_pedidos VALUES (419, 198, 36, 2, 249999, 0.15, 424998);
INSERT INTO detalle_pedidos VALUES (420, 199, 40, 1, 999999, 0.05, 949999);
INSERT INTO detalle_pedidos VALUES (421, 200, 18, 3, 249999, 0, 749997);
INSERT INTO detalle_pedidos VALUES (422, 201, 30, 1, 69999, 0, 69999);
INSERT INTO detalle_pedidos VALUES (423, 202, 26, 3, 24999, 0, 74997);
INSERT INTO detalle_pedidos VALUES (424, 203, 20, 1, 149999, 0.15, 127499);
INSERT INTO detalle_pedidos VALUES (425, 203, 40, 1, 999999, 0, 999999);
INSERT INTO detalle_pedidos VALUES (426, 203, 38, 1, 299999, 0, 299999);
INSERT INTO detalle_pedidos VALUES (427, 204, 25, 2, 14999, 0.1, 26998);
INSERT INTO detalle_pedidos VALUES (428, 205, 12, 1, 649999, 0.05, 617499);
INSERT INTO detalle_pedidos VALUES (429, 205, 36, 2, 249999, 0, 499998);
INSERT INTO detalle_pedidos VALUES (430, 206, 1, 2, 899999, 0.1, 1619998);
INSERT INTO detalle_pedidos VALUES (431, 206, 32, 3, 44999, 0.15, 114747);
INSERT INTO detalle_pedidos VALUES (432, 206, 9, 2, 749999, 0.05, 1424998);
INSERT INTO detalle_pedidos VALUES (433, 206, 13, 3, 599999, 0.05, 1709997);
INSERT INTO detalle_pedidos VALUES (434, 207, 2, 1, 1299999, 0, 1299999);
INSERT INTO detalle_pedidos VALUES (435, 208, 30, 3, 69999, 0.15, 178497);
INSERT INTO detalle_pedidos VALUES (436, 209, 24, 3, 34999, 0.05, 99747);
INSERT INTO detalle_pedidos VALUES (437, 209, 35, 3, 39999, 0, 119997);
INSERT INTO detalle_pedidos VALUES (438, 209, 3, 2, 549999, 0, 1099998);
INSERT INTO detalle_pedidos VALUES (439, 210, 17, 2, 129999, 0, 259998);
INSERT INTO detalle_pedidos VALUES (440, 211, 38, 3, 299999, 0, 899997);
INSERT INTO detalle_pedidos VALUES (441, 212, 14, 1, 1899999, 0, 1899999);
INSERT INTO detalle_pedidos VALUES (442, 213, 21, 2, 89999, 0.1, 161998);
INSERT INTO detalle_pedidos VALUES (443, 213, 19, 2, 29999, 0.1, 53998);
INSERT INTO detalle_pedidos VALUES (444, 214, 4, 3, 699999, 0, 2099997);
INSERT INTO detalle_pedidos VALUES (445, 214, 18, 1, 249999, 0, 249999);
INSERT INTO detalle_pedidos VALUES (446, 214, 9, 3, 749999, 0, 2249997);
INSERT INTO detalle_pedidos VALUES (447, 215, 18, 2, 249999, 0.05, 474998);
INSERT INTO detalle_pedidos VALUES (448, 215, 27, 1, 449999, 0.15, 382499);
INSERT INTO detalle_pedidos VALUES (449, 216, 24, 2, 34999, 0, 69998);
INSERT INTO detalle_pedidos VALUES (450, 216, 30, 3, 69999, 0, 209997);
INSERT INTO detalle_pedidos VALUES (451, 217, 5, 3, 399999, 0.05, 1139997);
INSERT INTO detalle_pedidos VALUES (452, 218, 19, 2, 29999, 0.1, 53998);
INSERT INTO detalle_pedidos VALUES (453, 219, 4, 3, 699999, 0.05, 1994997);
INSERT INTO detalle_pedidos VALUES (454, 219, 3, 1, 549999, 0, 549999);
INSERT INTO detalle_pedidos VALUES (455, 219, 7, 1, 299999, 0.05, 284999);
INSERT INTO detalle_pedidos VALUES (456, 220, 9, 1, 749999, 0, 749999);
INSERT INTO detalle_pedidos VALUES (457, 220, 20, 1, 149999, 0.15, 127499);
INSERT INTO detalle_pedidos VALUES (458, 221, 11, 3, 999999, 0.15, 2549997);
INSERT INTO detalle_pedidos VALUES (459, 221, 4, 1, 699999, 0.05, 664999);
INSERT INTO detalle_pedidos VALUES (460, 221, 26, 3, 24999, 0, 74997);
INSERT INTO detalle_pedidos VALUES (461, 221, 20, 3, 149999, 0, 449997);
INSERT INTO detalle_pedidos VALUES (462, 222, 34, 1, 299999, 0, 299999);
INSERT INTO detalle_pedidos VALUES (463, 222, 29, 3, 79999, 0, 239997);
INSERT INTO detalle_pedidos VALUES (464, 223, 25, 1, 14999, 0.15, 12749);
INSERT INTO detalle_pedidos VALUES (465, 224, 25, 1, 14999, 0.15, 12749);
INSERT INTO detalle_pedidos VALUES (466, 225, 11, 2, 999999, 0, 1999998);
INSERT INTO detalle_pedidos VALUES (467, 226, 29, 1, 79999, 0, 79999);
INSERT INTO detalle_pedidos VALUES (468, 226, 14, 1, 1899999, 0, 1899999);
INSERT INTO detalle_pedidos VALUES (469, 227, 9, 1, 749999, 0, 749999);
INSERT INTO detalle_pedidos VALUES (470, 228, 39, 3, 199999, 0, 599997);
INSERT INTO detalle_pedidos VALUES (471, 228, 19, 3, 29999, 0, 89997);
INSERT INTO detalle_pedidos VALUES (472, 229, 4, 1, 699999, 0.05, 664999);
INSERT INTO detalle_pedidos VALUES (473, 230, 34, 2, 299999, 0, 599998);
INSERT INTO detalle_pedidos VALUES (474, 230, 1, 1, 899999, 0.05, 854999);
INSERT INTO detalle_pedidos VALUES (475, 231, 31, 1, 29999, 0, 29999);
INSERT INTO detalle_pedidos VALUES (476, 232, 4, 2, 699999, 0.1, 1259998);
INSERT INTO detalle_pedidos VALUES (477, 233, 26, 3, 24999, 0.1, 67497);
INSERT INTO detalle_pedidos VALUES (478, 233, 6, 3, 999999, 0.1, 2699997);
INSERT INTO detalle_pedidos VALUES (479, 234, 14, 3, 1899999, 0, 5699997);
INSERT INTO detalle_pedidos VALUES (480, 234, 10, 2, 899999, 0.1, 1619998);
INSERT INTO detalle_pedidos VALUES (481, 235, 28, 3, 349999, 0, 1049997);
INSERT INTO detalle_pedidos VALUES (482, 236, 40, 3, 999999, 0, 2999997);
INSERT INTO detalle_pedidos VALUES (483, 237, 1, 3, 899999, 0, 2699997);
INSERT INTO detalle_pedidos VALUES (484, 238, 17, 2, 129999, 0, 259998);
INSERT INTO detalle_pedidos VALUES (485, 238, 11, 3, 999999, 0, 2999997);
INSERT INTO detalle_pedidos VALUES (486, 239, 5, 2, 399999, 0.15, 679998);
INSERT INTO detalle_pedidos VALUES (487, 240, 4, 3, 699999, 0, 2099997);
INSERT INTO detalle_pedidos VALUES (488, 240, 32, 2, 44999, 0, 89998);
INSERT INTO detalle_pedidos VALUES (489, 241, 33, 1, 349999, 0, 349999);
INSERT INTO detalle_pedidos VALUES (490, 242, 10, 1, 899999, 0, 899999);
INSERT INTO detalle_pedidos VALUES (491, 243, 16, 2, 299999, 0.15, 509998);
INSERT INTO detalle_pedidos VALUES (492, 244, 4, 1, 699999, 0, 699999);
INSERT INTO detalle_pedidos VALUES (493, 245, 19, 2, 29999, 0, 59998);
INSERT INTO detalle_pedidos VALUES (494, 245, 20, 3, 149999, 0.05, 427497);
INSERT INTO detalle_pedidos VALUES (495, 246, 40, 2, 999999, 0.1, 1799998);
INSERT INTO detalle_pedidos VALUES (496, 246, 16, 2, 299999, 0, 599998);
INSERT INTO detalle_pedidos VALUES (497, 246, 30, 3, 69999, 0.1, 188997);
INSERT INTO detalle_pedidos VALUES (498, 247, 35, 2, 39999, 0.15, 67998);
INSERT INTO detalle_pedidos VALUES (499, 248, 20, 1, 149999, 0.1, 134999);
INSERT INTO detalle_pedidos VALUES (500, 248, 7, 1, 299999, 0.05, 284999);
INSERT INTO detalle_pedidos VALUES (501, 249, 15, 3, 49999, 0.05, 142497);
INSERT INTO detalle_pedidos VALUES (502, 250, 9, 3, 749999, 0.05, 2137497);
INSERT INTO detalle_pedidos VALUES (503, 251, 19, 2, 29999, 0, 59998);
INSERT INTO detalle_pedidos VALUES (504, 252, 15, 1, 49999, 0, 49999);
INSERT INTO detalle_pedidos VALUES (505, 252, 5, 3, 399999, 0, 1199997);
INSERT INTO detalle_pedidos VALUES (506, 253, 8, 3, 249999, 0, 749997);
INSERT INTO detalle_pedidos VALUES (507, 254, 6, 1, 999999, 0, 999999);
INSERT INTO detalle_pedidos VALUES (508, 254, 11, 2, 999999, 0, 1999998);
INSERT INTO detalle_pedidos VALUES (509, 254, 20, 1, 149999, 0.15, 127499);
INSERT INTO detalle_pedidos VALUES (510, 254, 39, 1, 199999, 0, 199999);
INSERT INTO detalle_pedidos VALUES (511, 255, 2, 1, 1299999, 0.05, 1234999);
INSERT INTO detalle_pedidos VALUES (512, 255, 26, 1, 24999, 0, 24999);
INSERT INTO detalle_pedidos VALUES (513, 255, 29, 1, 79999, 0, 79999);
INSERT INTO detalle_pedidos VALUES (514, 255, 36, 1, 249999, 0, 249999);
INSERT INTO detalle_pedidos VALUES (515, 255, 16, 1, 299999, 0, 299999);
INSERT INTO detalle_pedidos VALUES (516, 256, 38, 1, 299999, 0, 299999);
INSERT INTO detalle_pedidos VALUES (517, 256, 17, 1, 129999, 0, 129999);
INSERT INTO detalle_pedidos VALUES (518, 257, 22, 2, 39999, 0, 79998);
INSERT INTO detalle_pedidos VALUES (519, 257, 8, 1, 249999, 0.1, 224999);
INSERT INTO detalle_pedidos VALUES (520, 257, 3, 2, 549999, 0.15, 934998);
INSERT INTO detalle_pedidos VALUES (521, 258, 12, 2, 649999, 0, 1299998);
INSERT INTO detalle_pedidos VALUES (522, 259, 19, 2, 29999, 0.1, 53998);
INSERT INTO detalle_pedidos VALUES (523, 259, 32, 2, 44999, 0, 89998);
INSERT INTO detalle_pedidos VALUES (524, 260, 34, 1, 299999, 0.15, 254999);
INSERT INTO detalle_pedidos VALUES (525, 261, 35, 2, 39999, 0, 79998);
INSERT INTO detalle_pedidos VALUES (526, 262, 15, 1, 49999, 0, 49999);
INSERT INTO detalle_pedidos VALUES (527, 263, 15, 1, 49999, 0, 49999);
INSERT INTO detalle_pedidos VALUES (528, 263, 11, 3, 999999, 0, 2999997);
INSERT INTO detalle_pedidos VALUES (529, 264, 15, 1, 49999, 0, 49999);
INSERT INTO detalle_pedidos VALUES (530, 264, 37, 3, 699999, 0, 2099997);
INSERT INTO detalle_pedidos VALUES (531, 264, 25, 3, 14999, 0.15, 38247);
INSERT INTO detalle_pedidos VALUES (532, 264, 23, 2, 59999, 0.1, 107998);
INSERT INTO detalle_pedidos VALUES (533, 264, 12, 1, 649999, 0.15, 552499);
INSERT INTO detalle_pedidos VALUES (534, 265, 32, 1, 44999, 0.05, 42749);
INSERT INTO detalle_pedidos VALUES (535, 265, 35, 1, 39999, 0, 39999);
INSERT INTO detalle_pedidos VALUES (536, 265, 20, 1, 149999, 0, 149999);
INSERT INTO detalle_pedidos VALUES (537, 266, 40, 1, 999999, 0, 999999);
INSERT INTO detalle_pedidos VALUES (538, 267, 21, 1, 89999, 0.1, 80999);
INSERT INTO detalle_pedidos VALUES (539, 267, 4, 3, 699999, 0, 2099997);
INSERT INTO detalle_pedidos VALUES (540, 267, 2, 1, 1299999, 0.1, 1169999);
INSERT INTO detalle_pedidos VALUES (541, 268, 38, 2, 299999, 0, 599998);
INSERT INTO detalle_pedidos VALUES (542, 268, 7, 2, 299999, 0, 599998);
INSERT INTO detalle_pedidos VALUES (543, 269, 12, 3, 649999, 0.1, 1754997);
INSERT INTO detalle_pedidos VALUES (544, 269, 36, 2, 249999, 0, 499998);
INSERT INTO detalle_pedidos VALUES (545, 270, 9, 3, 749999, 0, 2249997);
INSERT INTO detalle_pedidos VALUES (546, 270, 12, 3, 649999, 0.1, 1754997);
INSERT INTO detalle_pedidos VALUES (547, 271, 40, 1, 999999, 0.05, 949999);
INSERT INTO detalle_pedidos VALUES (548, 271, 15, 1, 49999, 0, 49999);
INSERT INTO detalle_pedidos VALUES (549, 271, 37, 3, 699999, 0, 2099997);
INSERT INTO detalle_pedidos VALUES (550, 272, 6, 2, 999999, 0, 1999998);
INSERT INTO detalle_pedidos VALUES (551, 272, 22, 1, 39999, 0.15, 33999);
INSERT INTO detalle_pedidos VALUES (552, 272, 29, 1, 79999, 0, 79999);
INSERT INTO detalle_pedidos VALUES (553, 272, 1, 2, 899999, 0, 1799998);
INSERT INTO detalle_pedidos VALUES (554, 273, 11, 2, 999999, 0.05, 1899998);
INSERT INTO detalle_pedidos VALUES (555, 273, 27, 2, 449999, 0.1, 809998);
INSERT INTO detalle_pedidos VALUES (556, 274, 15, 2, 49999, 0, 99998);
INSERT INTO detalle_pedidos VALUES (557, 274, 11, 1, 999999, 0, 999999);
INSERT INTO detalle_pedidos VALUES (558, 275, 11, 2, 999999, 0, 1999998);
INSERT INTO detalle_pedidos VALUES (559, 276, 31, 2, 29999, 0, 59998);
INSERT INTO detalle_pedidos VALUES (560, 276, 2, 1, 1299999, 0, 1299999);
INSERT INTO detalle_pedidos VALUES (561, 276, 28, 2, 349999, 0, 699998);
INSERT INTO detalle_pedidos VALUES (562, 276, 11, 1, 999999, 0.05, 949999);
INSERT INTO detalle_pedidos VALUES (563, 276, 39, 3, 199999, 0.1, 539997);
INSERT INTO detalle_pedidos VALUES (564, 277, 4, 2, 699999, 0.1, 1259998);
INSERT INTO detalle_pedidos VALUES (565, 278, 39, 2, 199999, 0, 399998);
INSERT INTO detalle_pedidos VALUES (566, 279, 6, 2, 999999, 0, 1999998);
INSERT INTO detalle_pedidos VALUES (567, 280, 6, 2, 999999, 0, 1999998);
INSERT INTO detalle_pedidos VALUES (568, 280, 35, 2, 39999, 0.05, 75998);
INSERT INTO detalle_pedidos VALUES (569, 281, 17, 2, 129999, 0.1, 233998);
INSERT INTO detalle_pedidos VALUES (570, 281, 15, 1, 49999, 0, 49999);
INSERT INTO detalle_pedidos VALUES (571, 282, 27, 3, 449999, 0, 1349997);
INSERT INTO detalle_pedidos VALUES (572, 282, 38, 2, 299999, 0.1, 539998);
INSERT INTO detalle_pedidos VALUES (573, 282, 15, 2, 49999, 0.1, 89998);
INSERT INTO detalle_pedidos VALUES (574, 283, 6, 3, 999999, 0, 2999997);
INSERT INTO detalle_pedidos VALUES (575, 283, 26, 3, 24999, 0.1, 67497);
INSERT INTO detalle_pedidos VALUES (576, 284, 29, 1, 79999, 0, 79999);
INSERT INTO detalle_pedidos VALUES (577, 284, 12, 1, 649999, 0.05, 617499);
INSERT INTO detalle_pedidos VALUES (578, 284, 11, 1, 999999, 0.15, 849999);
INSERT INTO detalle_pedidos VALUES (579, 284, 14, 2, 1899999, 0, 3799998);
INSERT INTO detalle_pedidos VALUES (580, 285, 5, 2, 399999, 0.1, 719998);
INSERT INTO detalle_pedidos VALUES (581, 285, 6, 2, 999999, 0, 1999998);
INSERT INTO detalle_pedidos VALUES (582, 285, 25, 3, 14999, 0.05, 42747);
INSERT INTO detalle_pedidos VALUES (583, 285, 36, 1, 249999, 0.15, 212499);
INSERT INTO detalle_pedidos VALUES (584, 286, 37, 3, 699999, 0.1, 1889997);
INSERT INTO detalle_pedidos VALUES (585, 287, 35, 2, 39999, 0.05, 75998);
INSERT INTO detalle_pedidos VALUES (586, 287, 23, 3, 59999, 0.05, 170997);
INSERT INTO detalle_pedidos VALUES (587, 287, 27, 3, 449999, 0.1, 1214997);
INSERT INTO detalle_pedidos VALUES (588, 288, 39, 3, 199999, 0.15, 509997);
INSERT INTO detalle_pedidos VALUES (589, 289, 16, 1, 299999, 0.15, 254999);
INSERT INTO detalle_pedidos VALUES (590, 290, 20, 3, 149999, 0.15, 382497);
INSERT INTO detalle_pedidos VALUES (591, 290, 18, 1, 249999, 0, 249999);
INSERT INTO detalle_pedidos VALUES (592, 290, 32, 1, 44999, 0, 44999);
INSERT INTO detalle_pedidos VALUES (593, 291, 6, 2, 999999, 0, 1999998);
INSERT INTO detalle_pedidos VALUES (594, 291, 13, 2, 599999, 0.15, 1019998);
INSERT INTO detalle_pedidos VALUES (595, 292, 20, 3, 149999, 0.1, 404997);
INSERT INTO detalle_pedidos VALUES (596, 293, 2, 1, 1299999, 0, 1299999);
INSERT INTO detalle_pedidos VALUES (597, 293, 12, 2, 649999, 0, 1299998);
INSERT INTO detalle_pedidos VALUES (598, 293, 13, 2, 599999, 0.15, 1019998);
INSERT INTO detalle_pedidos VALUES (599, 293, 4, 1, 699999, 0, 699999);
INSERT INTO detalle_pedidos VALUES (600, 294, 2, 3, 1299999, 0.05, 3704997);
INSERT INTO detalle_pedidos VALUES (601, 294, 16, 1, 299999, 0.05, 284999);
INSERT INTO detalle_pedidos VALUES (602, 294, 24, 3, 34999, 0.1, 94497);
INSERT INTO detalle_pedidos VALUES (603, 294, 32, 2, 44999, 0, 89998);
INSERT INTO detalle_pedidos VALUES (604, 295, 2, 2, 1299999, 0, 2599998);
INSERT INTO detalle_pedidos VALUES (605, 296, 14, 3, 1899999, 0.05, 5414997);
INSERT INTO detalle_pedidos VALUES (606, 296, 18, 3, 249999, 0, 749997);
INSERT INTO detalle_pedidos VALUES (607, 297, 39, 1, 199999, 0, 199999);
INSERT INTO detalle_pedidos VALUES (608, 297, 1, 3, 899999, 0, 2699997);
INSERT INTO detalle_pedidos VALUES (609, 298, 30, 3, 69999, 0.1, 188997);
INSERT INTO detalle_pedidos VALUES (610, 298, 17, 3, 129999, 0.05, 370497);
INSERT INTO detalle_pedidos VALUES (611, 298, 14, 3, 1899999, 0, 5699997);
INSERT INTO detalle_pedidos VALUES (612, 298, 20, 1, 149999, 0.1, 134999);
INSERT INTO detalle_pedidos VALUES (613, 299, 20, 2, 149999, 0, 299998);
INSERT INTO detalle_pedidos VALUES (614, 299, 7, 2, 299999, 0, 599998);
INSERT INTO detalle_pedidos VALUES (615, 300, 20, 3, 149999, 0, 449997);
INSERT INTO detalle_pedidos VALUES (616, 300, 13, 1, 599999, 0.1, 539999);
INSERT INTO detalle_pedidos VALUES (617, 300, 10, 2, 899999, 0.15, 1529998);
INSERT INTO detalle_pedidos VALUES (618, 301, 19, 2, 29999, 0.05, 56998);
INSERT INTO detalle_pedidos VALUES (619, 301, 17, 2, 129999, 0.15, 220998);
INSERT INTO detalle_pedidos VALUES (620, 302, 15, 3, 49999, 0.1, 134997);
INSERT INTO detalle_pedidos VALUES (621, 303, 11, 3, 999999, 0.1, 2699997);
INSERT INTO detalle_pedidos VALUES (622, 304, 36, 3, 249999, 0, 749997);
INSERT INTO detalle_pedidos VALUES (623, 304, 12, 1, 649999, 0, 649999);
INSERT INTO detalle_pedidos VALUES (624, 304, 22, 1, 39999, 0.15, 33999);
INSERT INTO detalle_pedidos VALUES (625, 305, 30, 2, 69999, 0, 139998);
INSERT INTO detalle_pedidos VALUES (626, 305, 8, 3, 249999, 0.1, 674997);
INSERT INTO detalle_pedidos VALUES (627, 306, 8, 3, 249999, 0.05, 712497);
INSERT INTO detalle_pedidos VALUES (628, 307, 9, 3, 749999, 0.05, 2137497);
INSERT INTO detalle_pedidos VALUES (629, 307, 13, 1, 599999, 0, 599999);
INSERT INTO detalle_pedidos VALUES (630, 307, 22, 3, 39999, 0, 119997);
INSERT INTO detalle_pedidos VALUES (631, 307, 27, 1, 449999, 0.05, 427499);
INSERT INTO detalle_pedidos VALUES (632, 308, 29, 2, 79999, 0, 159998);
INSERT INTO detalle_pedidos VALUES (633, 309, 9, 3, 749999, 0.05, 2137497);
INSERT INTO detalle_pedidos VALUES (634, 309, 40, 2, 999999, 0.05, 1899998);
INSERT INTO detalle_pedidos VALUES (635, 309, 28, 2, 349999, 0.05, 664998);
INSERT INTO detalle_pedidos VALUES (636, 310, 1, 2, 899999, 0.1, 1619998);
INSERT INTO detalle_pedidos VALUES (637, 311, 15, 1, 49999, 0, 49999);
INSERT INTO detalle_pedidos VALUES (638, 311, 23, 2, 59999, 0.1, 107998);
INSERT INTO detalle_pedidos VALUES (639, 311, 20, 3, 149999, 0, 449997);
INSERT INTO detalle_pedidos VALUES (640, 312, 34, 3, 299999, 0.1, 809997);
INSERT INTO detalle_pedidos VALUES (641, 313, 32, 2, 44999, 0, 89998);
INSERT INTO detalle_pedidos VALUES (642, 314, 9, 3, 749999, 0.1, 2024997);
INSERT INTO detalle_pedidos VALUES (643, 314, 14, 1, 1899999, 0, 1899999);
INSERT INTO detalle_pedidos VALUES (644, 314, 2, 2, 1299999, 0.15, 2209998);
INSERT INTO detalle_pedidos VALUES (645, 315, 35, 3, 39999, 0, 119997);
INSERT INTO detalle_pedidos VALUES (646, 316, 4, 2, 699999, 0.05, 1329998);
INSERT INTO detalle_pedidos VALUES (647, 316, 8, 1, 249999, 0.1, 224999);
INSERT INTO detalle_pedidos VALUES (648, 316, 27, 2, 449999, 0.05, 854998);
INSERT INTO detalle_pedidos VALUES (649, 317, 27, 3, 449999, 0, 1349997);
INSERT INTO detalle_pedidos VALUES (650, 318, 7, 3, 299999, 0.1, 809997);
INSERT INTO detalle_pedidos VALUES (651, 318, 33, 1, 349999, 0, 349999);
INSERT INTO detalle_pedidos VALUES (652, 319, 17, 3, 129999, 0, 389997);
INSERT INTO detalle_pedidos VALUES (653, 320, 32, 1, 44999, 0.15, 38249);
INSERT INTO detalle_pedidos VALUES (654, 321, 8, 3, 249999, 0.05, 712497);
INSERT INTO detalle_pedidos VALUES (655, 321, 37, 1, 699999, 0, 699999);
INSERT INTO detalle_pedidos VALUES (656, 322, 15, 2, 49999, 0, 99998);
INSERT INTO detalle_pedidos VALUES (657, 322, 30, 1, 69999, 0, 69999);
INSERT INTO detalle_pedidos VALUES (658, 322, 19, 1, 29999, 0, 29999);
INSERT INTO detalle_pedidos VALUES (659, 322, 17, 2, 129999, 0.15, 220998);
INSERT INTO detalle_pedidos VALUES (660, 323, 3, 2, 549999, 0, 1099998);
INSERT INTO detalle_pedidos VALUES (661, 323, 1, 2, 899999, 0.1, 1619998);
INSERT INTO detalle_pedidos VALUES (662, 323, 9, 2, 749999, 0.15, 1274998);
INSERT INTO detalle_pedidos VALUES (663, 323, 11, 1, 999999, 0, 999999);
INSERT INTO detalle_pedidos VALUES (664, 324, 18, 1, 249999, 0, 249999);
INSERT INTO detalle_pedidos VALUES (665, 324, 25, 3, 14999, 0.15, 38247);
INSERT INTO detalle_pedidos VALUES (666, 324, 31, 1, 29999, 0, 29999);
INSERT INTO detalle_pedidos VALUES (667, 324, 27, 1, 449999, 0.05, 427499);
INSERT INTO detalle_pedidos VALUES (668, 324, 11, 3, 999999, 0.05, 2849997);
INSERT INTO detalle_pedidos VALUES (669, 325, 23, 3, 59999, 0, 179997);
INSERT INTO detalle_pedidos VALUES (670, 326, 27, 2, 449999, 0, 899998);
INSERT INTO detalle_pedidos VALUES (671, 327, 34, 3, 299999, 0, 899997);
INSERT INTO detalle_pedidos VALUES (672, 327, 37, 3, 699999, 0.1, 1889997);
INSERT INTO detalle_pedidos VALUES (673, 327, 15, 3, 49999, 0.15, 127497);
INSERT INTO detalle_pedidos VALUES (674, 328, 23, 3, 59999, 0.15, 152997);
INSERT INTO detalle_pedidos VALUES (675, 329, 40, 1, 999999, 0.15, 849999);
INSERT INTO detalle_pedidos VALUES (676, 329, 4, 1, 699999, 0.1, 629999);
INSERT INTO detalle_pedidos VALUES (677, 330, 22, 2, 39999, 0, 79998);
INSERT INTO detalle_pedidos VALUES (678, 331, 16, 2, 299999, 0.05, 569998);
INSERT INTO detalle_pedidos VALUES (679, 331, 6, 3, 999999, 0.05, 2849997);
INSERT INTO detalle_pedidos VALUES (680, 332, 2, 2, 1299999, 0, 2599998);
INSERT INTO detalle_pedidos VALUES (681, 332, 7, 3, 299999, 0.1, 809997);
INSERT INTO detalle_pedidos VALUES (682, 332, 26, 1, 24999, 0, 24999);
INSERT INTO detalle_pedidos VALUES (683, 333, 14, 2, 1899999, 0, 3799998);
INSERT INTO detalle_pedidos VALUES (684, 333, 30, 1, 69999, 0, 69999);
INSERT INTO detalle_pedidos VALUES (685, 334, 24, 1, 34999, 0, 34999);
INSERT INTO detalle_pedidos VALUES (686, 334, 29, 3, 79999, 0, 239997);
INSERT INTO detalle_pedidos VALUES (687, 335, 19, 1, 29999, 0, 29999);
INSERT INTO detalle_pedidos VALUES (688, 335, 36, 2, 249999, 0, 499998);
INSERT INTO detalle_pedidos VALUES (689, 335, 34, 3, 299999, 0.15, 764997);
INSERT INTO detalle_pedidos VALUES (690, 335, 24, 3, 34999, 0.05, 99747);
INSERT INTO detalle_pedidos VALUES (691, 335, 7, 1, 299999, 0, 299999);
INSERT INTO detalle_pedidos VALUES (692, 336, 14, 1, 1899999, 0.05, 1804999);
INSERT INTO detalle_pedidos VALUES (693, 336, 30, 1, 69999, 0.15, 59499);
INSERT INTO detalle_pedidos VALUES (694, 336, 13, 3, 599999, 0.1, 1619997);
INSERT INTO detalle_pedidos VALUES (695, 336, 22, 1, 39999, 0.05, 37999);
INSERT INTO detalle_pedidos VALUES (696, 337, 32, 1, 44999, 0.1, 40499);
INSERT INTO detalle_pedidos VALUES (697, 338, 12, 1, 649999, 0.15, 552499);
INSERT INTO detalle_pedidos VALUES (698, 338, 38, 1, 299999, 0, 299999);
INSERT INTO detalle_pedidos VALUES (699, 339, 25, 2, 14999, 0.1, 26998);
INSERT INTO detalle_pedidos VALUES (700, 340, 19, 2, 29999, 0, 59998);
INSERT INTO detalle_pedidos VALUES (701, 341, 20, 3, 149999, 0.15, 382497);
INSERT INTO detalle_pedidos VALUES (702, 341, 36, 3, 249999, 0.15, 637497);
INSERT INTO detalle_pedidos VALUES (703, 341, 21, 1, 89999, 0, 89999);
INSERT INTO detalle_pedidos VALUES (704, 342, 9, 3, 749999, 0.15, 1912497);
INSERT INTO detalle_pedidos VALUES (705, 343, 23, 3, 59999, 0.05, 170997);
INSERT INTO detalle_pedidos VALUES (706, 344, 35, 1, 39999, 0.1, 35999);
INSERT INTO detalle_pedidos VALUES (707, 344, 19, 1, 29999, 0, 29999);
INSERT INTO detalle_pedidos VALUES (708, 344, 28, 2, 349999, 0, 699998);
INSERT INTO detalle_pedidos VALUES (709, 345, 11, 1, 999999, 0, 999999);
INSERT INTO detalle_pedidos VALUES (710, 345, 19, 3, 29999, 0, 89997);
INSERT INTO detalle_pedidos VALUES (711, 345, 17, 1, 129999, 0.1, 116999);
INSERT INTO detalle_pedidos VALUES (712, 346, 36, 3, 249999, 0.15, 637497);
INSERT INTO detalle_pedidos VALUES (713, 346, 15, 2, 49999, 0.15, 84998);
INSERT INTO detalle_pedidos VALUES (714, 346, 25, 3, 14999, 0, 44997);
INSERT INTO detalle_pedidos VALUES (715, 346, 16, 2, 299999, 0.05, 569998);
INSERT INTO detalle_pedidos VALUES (716, 347, 17, 1, 129999, 0.1, 116999);
INSERT INTO detalle_pedidos VALUES (717, 348, 38, 3, 299999, 0.1, 809997);
INSERT INTO detalle_pedidos VALUES (718, 348, 35, 1, 39999, 0.15, 33999);
INSERT INTO detalle_pedidos VALUES (719, 349, 12, 1, 649999, 0.05, 617499);
INSERT INTO detalle_pedidos VALUES (720, 349, 33, 1, 349999, 0.05, 332499);
INSERT INTO detalle_pedidos VALUES (721, 350, 22, 2, 39999, 0.15, 67998);
INSERT INTO detalle_pedidos VALUES (722, 351, 40, 2, 999999, 0.1, 1799998);
INSERT INTO detalle_pedidos VALUES (723, 351, 20, 3, 149999, 0, 449997);
INSERT INTO detalle_pedidos VALUES (724, 352, 34, 3, 299999, 0.1, 809997);
INSERT INTO detalle_pedidos VALUES (725, 352, 5, 2, 399999, 0, 799998);
INSERT INTO detalle_pedidos VALUES (726, 352, 33, 2, 349999, 0, 699998);
INSERT INTO detalle_pedidos VALUES (727, 352, 11, 1, 999999, 0.15, 849999);
INSERT INTO detalle_pedidos VALUES (728, 352, 27, 2, 449999, 0, 899998);
INSERT INTO detalle_pedidos VALUES (729, 353, 31, 3, 29999, 0, 89997);
INSERT INTO detalle_pedidos VALUES (730, 353, 36, 1, 249999, 0.15, 212499);
INSERT INTO detalle_pedidos VALUES (731, 354, 40, 1, 999999, 0.15, 849999);
INSERT INTO detalle_pedidos VALUES (732, 354, 16, 2, 299999, 0.05, 569998);
INSERT INTO detalle_pedidos VALUES (733, 355, 34, 2, 299999, 0.1, 539998);
INSERT INTO detalle_pedidos VALUES (734, 356, 13, 1, 599999, 0, 599999);
INSERT INTO detalle_pedidos VALUES (735, 356, 21, 3, 89999, 0.1, 242997);
INSERT INTO detalle_pedidos VALUES (736, 356, 33, 1, 349999, 0.15, 297499);
INSERT INTO detalle_pedidos VALUES (737, 356, 6, 1, 999999, 0, 999999);
INSERT INTO detalle_pedidos VALUES (738, 357, 7, 3, 299999, 0.15, 764997);
INSERT INTO detalle_pedidos VALUES (739, 357, 14, 3, 1899999, 0.05, 5414997);
INSERT INTO detalle_pedidos VALUES (740, 358, 22, 1, 39999, 0, 39999);
INSERT INTO detalle_pedidos VALUES (741, 359, 37, 2, 699999, 0.05, 1329998);
INSERT INTO detalle_pedidos VALUES (742, 359, 15, 2, 49999, 0.05, 94998);
INSERT INTO detalle_pedidos VALUES (743, 360, 8, 3, 249999, 0, 749997);
INSERT INTO detalle_pedidos VALUES (744, 361, 5, 3, 399999, 0, 1199997);
INSERT INTO detalle_pedidos VALUES (745, 361, 23, 2, 59999, 0.15, 101998);
INSERT INTO detalle_pedidos VALUES (746, 362, 25, 1, 14999, 0.1, 13499);
INSERT INTO detalle_pedidos VALUES (747, 362, 26, 1, 24999, 0, 24999);
INSERT INTO detalle_pedidos VALUES (748, 362, 2, 3, 1299999, 0.05, 3704997);
INSERT INTO detalle_pedidos VALUES (749, 362, 31, 3, 29999, 0, 89997);
INSERT INTO detalle_pedidos VALUES (750, 363, 24, 1, 34999, 0, 34999);
INSERT INTO detalle_pedidos VALUES (751, 363, 1, 1, 899999, 0.1, 809999);
INSERT INTO detalle_pedidos VALUES (752, 363, 36, 3, 249999, 0.05, 712497);
INSERT INTO detalle_pedidos VALUES (753, 363, 10, 3, 899999, 0.1, 2429997);
INSERT INTO detalle_pedidos VALUES (754, 364, 23, 1, 59999, 0, 59999);
INSERT INTO detalle_pedidos VALUES (755, 364, 14, 1, 1899999, 0, 1899999);
INSERT INTO detalle_pedidos VALUES (756, 364, 27, 3, 449999, 0, 1349997);
INSERT INTO detalle_pedidos VALUES (757, 364, 33, 1, 349999, 0, 349999);
INSERT INTO detalle_pedidos VALUES (758, 365, 36, 3, 249999, 0, 749997);
INSERT INTO detalle_pedidos VALUES (759, 365, 30, 2, 69999, 0, 139998);
INSERT INTO detalle_pedidos VALUES (760, 365, 5, 1, 399999, 0.15, 339999);
INSERT INTO detalle_pedidos VALUES (761, 365, 19, 3, 29999, 0.05, 85497);
INSERT INTO detalle_pedidos VALUES (762, 366, 19, 3, 29999, 0, 89997);
INSERT INTO detalle_pedidos VALUES (763, 367, 20, 1, 149999, 0.1, 134999);
INSERT INTO detalle_pedidos VALUES (764, 367, 38, 3, 299999, 0, 899997);
INSERT INTO detalle_pedidos VALUES (765, 368, 15, 3, 49999, 0.15, 127497);
INSERT INTO detalle_pedidos VALUES (766, 369, 22, 2, 39999, 0.05, 75998);
INSERT INTO detalle_pedidos VALUES (767, 370, 12, 1, 649999, 0, 649999);
INSERT INTO detalle_pedidos VALUES (768, 370, 39, 1, 199999, 0.1, 179999);
INSERT INTO detalle_pedidos VALUES (769, 371, 5, 1, 399999, 0.1, 359999);
INSERT INTO detalle_pedidos VALUES (770, 372, 14, 2, 1899999, 0.1, 3419998);
INSERT INTO detalle_pedidos VALUES (771, 372, 3, 3, 549999, 0.05, 1567497);
INSERT INTO detalle_pedidos VALUES (772, 372, 36, 3, 249999, 0, 749997);
INSERT INTO detalle_pedidos VALUES (773, 373, 19, 2, 29999, 0.1, 53998);
INSERT INTO detalle_pedidos VALUES (774, 373, 9, 3, 749999, 0, 2249997);
INSERT INTO detalle_pedidos VALUES (775, 374, 40, 3, 999999, 0, 2999997);
INSERT INTO detalle_pedidos VALUES (776, 375, 37, 3, 699999, 0.15, 1784997);
INSERT INTO detalle_pedidos VALUES (777, 375, 10, 2, 899999, 0, 1799998);
INSERT INTO detalle_pedidos VALUES (778, 376, 24, 1, 34999, 0, 34999);
INSERT INTO detalle_pedidos VALUES (779, 377, 31, 2, 29999, 0, 59998);
INSERT INTO detalle_pedidos VALUES (780, 378, 18, 1, 249999, 0.05, 237499);
INSERT INTO detalle_pedidos VALUES (781, 378, 17, 3, 129999, 0.05, 370497);
INSERT INTO detalle_pedidos VALUES (782, 378, 38, 2, 299999, 0.1, 539998);
INSERT INTO detalle_pedidos VALUES (783, 378, 35, 3, 39999, 0, 119997);
INSERT INTO detalle_pedidos VALUES (784, 378, 37, 3, 699999, 0, 2099997);
INSERT INTO detalle_pedidos VALUES (785, 379, 23, 3, 59999, 0, 179997);
INSERT INTO detalle_pedidos VALUES (786, 379, 32, 3, 44999, 0, 134997);
INSERT INTO detalle_pedidos VALUES (787, 379, 31, 2, 29999, 0, 59998);
INSERT INTO detalle_pedidos VALUES (788, 380, 12, 1, 649999, 0, 649999);
INSERT INTO detalle_pedidos VALUES (789, 381, 22, 2, 39999, 0.15, 67998);
INSERT INTO detalle_pedidos VALUES (790, 381, 8, 2, 249999, 0.05, 474998);
INSERT INTO detalle_pedidos VALUES (791, 382, 37, 3, 699999, 0, 2099997);
INSERT INTO detalle_pedidos VALUES (792, 383, 4, 2, 699999, 0, 1399998);
INSERT INTO detalle_pedidos VALUES (793, 383, 11, 3, 999999, 0.05, 2849997);
INSERT INTO detalle_pedidos VALUES (794, 384, 6, 3, 999999, 0.05, 2849997);
INSERT INTO detalle_pedidos VALUES (795, 384, 14, 2, 1899999, 0, 3799998);
INSERT INTO detalle_pedidos VALUES (796, 384, 29, 1, 79999, 0.05, 75999);
INSERT INTO detalle_pedidos VALUES (797, 385, 33, 2, 349999, 0, 699998);
INSERT INTO detalle_pedidos VALUES (798, 386, 25, 2, 14999, 0, 29998);
INSERT INTO detalle_pedidos VALUES (799, 387, 27, 1, 449999, 0.05, 427499);
INSERT INTO detalle_pedidos VALUES (800, 387, 10, 3, 899999, 0.1, 2429997);
INSERT INTO detalle_pedidos VALUES (801, 387, 39, 1, 199999, 0.1, 179999);
INSERT INTO detalle_pedidos VALUES (802, 387, 7, 3, 299999, 0, 899997);
INSERT INTO detalle_pedidos VALUES (803, 388, 28, 3, 349999, 0.05, 997497);
INSERT INTO detalle_pedidos VALUES (804, 389, 31, 2, 29999, 0, 59998);
INSERT INTO detalle_pedidos VALUES (805, 390, 31, 1, 29999, 0, 29999);
INSERT INTO detalle_pedidos VALUES (806, 391, 1, 3, 899999, 0.1, 2429997);
INSERT INTO detalle_pedidos VALUES (807, 392, 27, 1, 449999, 0.05, 427499);
INSERT INTO detalle_pedidos VALUES (808, 392, 24, 3, 34999, 0.1, 94497);
INSERT INTO detalle_pedidos VALUES (809, 392, 7, 2, 299999, 0, 599998);
INSERT INTO detalle_pedidos VALUES (810, 393, 26, 1, 24999, 0.05, 23749);
INSERT INTO detalle_pedidos VALUES (811, 394, 20, 2, 149999, 0.15, 254998);
INSERT INTO detalle_pedidos VALUES (812, 394, 37, 2, 699999, 0.15, 1189998);
INSERT INTO detalle_pedidos VALUES (813, 395, 11, 1, 999999, 0.1, 899999);
INSERT INTO detalle_pedidos VALUES (814, 395, 7, 2, 299999, 0, 599998);
INSERT INTO detalle_pedidos VALUES (815, 396, 25, 3, 14999, 0, 44997);
INSERT INTO detalle_pedidos VALUES (816, 397, 5, 1, 399999, 0, 399999);
INSERT INTO detalle_pedidos VALUES (817, 397, 17, 1, 129999, 0.1, 116999);
INSERT INTO detalle_pedidos VALUES (818, 398, 39, 1, 199999, 0.15, 169999);
INSERT INTO detalle_pedidos VALUES (819, 398, 4, 2, 699999, 0.05, 1329998);
INSERT INTO detalle_pedidos VALUES (820, 399, 13, 3, 599999, 0.1, 1619997);
INSERT INTO detalle_pedidos VALUES (821, 399, 3, 3, 549999, 0.15, 1402497);
INSERT INTO detalle_pedidos VALUES (822, 400, 1, 1, 899999, 0, 899999);
INSERT INTO detalle_pedidos VALUES (823, 401, 13, 1, 599999, 0.15, 509999);
INSERT INTO detalle_pedidos VALUES (824, 401, 34, 3, 299999, 0, 899997);
INSERT INTO detalle_pedidos VALUES (825, 402, 18, 1, 249999, 0.1, 224999);
INSERT INTO detalle_pedidos VALUES (826, 403, 27, 3, 449999, 0, 1349997);
INSERT INTO detalle_pedidos VALUES (827, 404, 33, 2, 349999, 0.15, 594998);
INSERT INTO detalle_pedidos VALUES (828, 404, 17, 2, 129999, 0.05, 246998);
INSERT INTO detalle_pedidos VALUES (829, 404, 35, 3, 39999, 0.05, 113997);
INSERT INTO detalle_pedidos VALUES (830, 404, 37, 1, 699999, 0, 699999);
INSERT INTO detalle_pedidos VALUES (831, 405, 31, 2, 29999, 0.15, 50998);
INSERT INTO detalle_pedidos VALUES (832, 405, 8, 1, 249999, 0.15, 212499);
INSERT INTO detalle_pedidos VALUES (833, 405, 17, 3, 129999, 0, 389997);
INSERT INTO detalle_pedidos VALUES (834, 405, 5, 2, 399999, 0.05, 759998);
INSERT INTO detalle_pedidos VALUES (835, 406, 6, 2, 999999, 0.15, 1699998);
INSERT INTO detalle_pedidos VALUES (836, 407, 23, 3, 59999, 0, 179997);
INSERT INTO detalle_pedidos VALUES (837, 407, 14, 1, 1899999, 0.15, 1614999);
INSERT INTO detalle_pedidos VALUES (838, 408, 16, 2, 299999, 0, 599998);
INSERT INTO detalle_pedidos VALUES (839, 409, 7, 1, 299999, 0, 299999);
INSERT INTO detalle_pedidos VALUES (840, 410, 35, 2, 39999, 0.1, 71998);
INSERT INTO detalle_pedidos VALUES (841, 410, 3, 2, 549999, 0.05, 1044998);
INSERT INTO detalle_pedidos VALUES (842, 410, 31, 3, 29999, 0, 89997);
INSERT INTO detalle_pedidos VALUES (843, 411, 15, 3, 49999, 0, 149997);
INSERT INTO detalle_pedidos VALUES (844, 412, 23, 2, 59999, 0.15, 101998);
INSERT INTO detalle_pedidos VALUES (845, 413, 1, 2, 899999, 0.1, 1619998);
INSERT INTO detalle_pedidos VALUES (846, 413, 14, 1, 1899999, 0, 1899999);
INSERT INTO detalle_pedidos VALUES (847, 414, 18, 2, 249999, 0.1, 449998);
INSERT INTO detalle_pedidos VALUES (848, 415, 24, 2, 34999, 0.05, 66498);
INSERT INTO detalle_pedidos VALUES (849, 416, 15, 2, 49999, 0.05, 94998);
INSERT INTO detalle_pedidos VALUES (850, 416, 7, 1, 299999, 0, 299999);
INSERT INTO detalle_pedidos VALUES (851, 416, 18, 3, 249999, 0, 749997);
INSERT INTO detalle_pedidos VALUES (852, 416, 16, 2, 299999, 0, 599998);
INSERT INTO detalle_pedidos VALUES (853, 416, 36, 1, 249999, 0.05, 237499);
INSERT INTO detalle_pedidos VALUES (854, 417, 32, 3, 44999, 0.1, 121497);
INSERT INTO detalle_pedidos VALUES (855, 417, 20, 1, 149999, 0.05, 142499);
INSERT INTO detalle_pedidos VALUES (856, 417, 17, 1, 129999, 0.15, 110499);
INSERT INTO detalle_pedidos VALUES (857, 418, 7, 3, 299999, 0, 899997);
INSERT INTO detalle_pedidos VALUES (858, 418, 29, 2, 79999, 0, 159998);
INSERT INTO detalle_pedidos VALUES (859, 419, 23, 1, 59999, 0.1, 53999);
INSERT INTO detalle_pedidos VALUES (860, 419, 39, 3, 199999, 0.15, 509997);
INSERT INTO detalle_pedidos VALUES (861, 420, 33, 2, 349999, 0.15, 594998);
INSERT INTO detalle_pedidos VALUES (862, 421, 10, 3, 899999, 0, 2699997);
INSERT INTO detalle_pedidos VALUES (863, 421, 11, 2, 999999, 0.15, 1699998);
INSERT INTO detalle_pedidos VALUES (864, 422, 21, 2, 89999, 0.15, 152998);
INSERT INTO detalle_pedidos VALUES (865, 423, 29, 2, 79999, 0.15, 135998);
INSERT INTO detalle_pedidos VALUES (866, 424, 9, 1, 749999, 0, 749999);
INSERT INTO detalle_pedidos VALUES (867, 424, 16, 2, 299999, 0, 599998);
INSERT INTO detalle_pedidos VALUES (868, 424, 17, 1, 129999, 0, 129999);
INSERT INTO detalle_pedidos VALUES (869, 424, 6, 2, 999999, 0.1, 1799998);
INSERT INTO detalle_pedidos VALUES (870, 425, 6, 3, 999999, 0, 2999997);
INSERT INTO detalle_pedidos VALUES (871, 425, 7, 1, 299999, 0.15, 254999);
INSERT INTO detalle_pedidos VALUES (872, 425, 17, 2, 129999, 0, 259998);
INSERT INTO detalle_pedidos VALUES (873, 426, 9, 1, 749999, 0, 749999);
INSERT INTO detalle_pedidos VALUES (874, 426, 34, 1, 299999, 0.15, 254999);
INSERT INTO detalle_pedidos VALUES (875, 427, 18, 3, 249999, 0.1, 674997);
INSERT INTO detalle_pedidos VALUES (876, 427, 36, 1, 249999, 0.1, 224999);
INSERT INTO detalle_pedidos VALUES (877, 427, 29, 3, 79999, 0.05, 227997);
INSERT INTO detalle_pedidos VALUES (878, 427, 9, 3, 749999, 0.15, 1912497);
INSERT INTO detalle_pedidos VALUES (879, 428, 23, 2, 59999, 0.1, 107998);
INSERT INTO detalle_pedidos VALUES (880, 429, 10, 1, 899999, 0, 899999);
INSERT INTO detalle_pedidos VALUES (881, 429, 20, 3, 149999, 0, 449997);
INSERT INTO detalle_pedidos VALUES (882, 430, 32, 2, 44999, 0, 89998);
INSERT INTO detalle_pedidos VALUES (883, 430, 31, 2, 29999, 0, 59998);
INSERT INTO detalle_pedidos VALUES (884, 431, 36, 2, 249999, 0.05, 474998);
INSERT INTO detalle_pedidos VALUES (885, 432, 25, 1, 14999, 0, 14999);
INSERT INTO detalle_pedidos VALUES (886, 433, 40, 3, 999999, 0.15, 2549997);
INSERT INTO detalle_pedidos VALUES (887, 433, 18, 3, 249999, 0, 749997);
INSERT INTO detalle_pedidos VALUES (888, 433, 19, 2, 29999, 0, 59998);
INSERT INTO detalle_pedidos VALUES (889, 434, 40, 2, 999999, 0.15, 1699998);
INSERT INTO detalle_pedidos VALUES (890, 434, 29, 3, 79999, 0.05, 227997);
INSERT INTO detalle_pedidos VALUES (891, 435, 2, 1, 1299999, 0.15, 1104999);
INSERT INTO detalle_pedidos VALUES (892, 435, 12, 2, 649999, 0.15, 1104998);
INSERT INTO detalle_pedidos VALUES (893, 435, 7, 1, 299999, 0, 299999);
INSERT INTO detalle_pedidos VALUES (894, 435, 19, 1, 29999, 0, 29999);
INSERT INTO detalle_pedidos VALUES (895, 435, 18, 1, 249999, 0.05, 237499);
INSERT INTO detalle_pedidos VALUES (896, 436, 24, 2, 34999, 0, 69998);
INSERT INTO detalle_pedidos VALUES (897, 436, 30, 1, 69999, 0, 69999);
INSERT INTO detalle_pedidos VALUES (898, 436, 3, 2, 549999, 0.05, 1044998);
INSERT INTO detalle_pedidos VALUES (899, 437, 25, 1, 14999, 0, 14999);
INSERT INTO detalle_pedidos VALUES (900, 438, 3, 1, 549999, 0.05, 522499);
INSERT INTO detalle_pedidos VALUES (901, 439, 20, 1, 149999, 0.15, 127499);
INSERT INTO detalle_pedidos VALUES (902, 439, 21, 3, 89999, 0, 269997);
INSERT INTO detalle_pedidos VALUES (903, 440, 4, 3, 699999, 0, 2099997);
INSERT INTO detalle_pedidos VALUES (904, 441, 18, 3, 249999, 0, 749997);
INSERT INTO detalle_pedidos VALUES (905, 442, 31, 1, 29999, 0, 29999);
INSERT INTO detalle_pedidos VALUES (906, 442, 39, 1, 199999, 0, 199999);
INSERT INTO detalle_pedidos VALUES (907, 443, 4, 1, 699999, 0.05, 664999);
INSERT INTO detalle_pedidos VALUES (908, 443, 23, 1, 59999, 0, 59999);
INSERT INTO detalle_pedidos VALUES (909, 443, 10, 3, 899999, 0.15, 2294997);
INSERT INTO detalle_pedidos VALUES (910, 443, 35, 2, 39999, 0.05, 75998);
INSERT INTO detalle_pedidos VALUES (911, 443, 7, 3, 299999, 0, 899997);
INSERT INTO detalle_pedidos VALUES (912, 444, 3, 2, 549999, 0.15, 934998);
INSERT INTO detalle_pedidos VALUES (913, 445, 35, 2, 39999, 0.15, 67998);
INSERT INTO detalle_pedidos VALUES (914, 445, 23, 2, 59999, 0, 119998);
INSERT INTO detalle_pedidos VALUES (915, 446, 17, 3, 129999, 0, 389997);
INSERT INTO detalle_pedidos VALUES (916, 447, 12, 1, 649999, 0.1, 584999);
INSERT INTO detalle_pedidos VALUES (917, 448, 35, 2, 39999, 0, 79998);
INSERT INTO detalle_pedidos VALUES (918, 449, 19, 2, 29999, 0.05, 56998);
INSERT INTO detalle_pedidos VALUES (919, 450, 3, 1, 549999, 0, 549999);
INSERT INTO detalle_pedidos VALUES (920, 450, 9, 1, 749999, 0, 749999);
INSERT INTO detalle_pedidos VALUES (921, 451, 25, 3, 14999, 0.1, 40497);
INSERT INTO detalle_pedidos VALUES (922, 451, 32, 3, 44999, 0.1, 121497);
INSERT INTO detalle_pedidos VALUES (923, 452, 1, 1, 899999, 0.05, 854999);
INSERT INTO detalle_pedidos VALUES (924, 452, 14, 3, 1899999, 0, 5699997);
INSERT INTO detalle_pedidos VALUES (925, 452, 32, 2, 44999, 0.1, 80998);
INSERT INTO detalle_pedidos VALUES (926, 453, 34, 3, 299999, 0, 899997);
INSERT INTO detalle_pedidos VALUES (927, 453, 3, 2, 549999, 0, 1099998);
INSERT INTO detalle_pedidos VALUES (928, 454, 13, 3, 599999, 0.15, 1529997);
INSERT INTO detalle_pedidos VALUES (929, 455, 7, 2, 299999, 0.15, 509998);
INSERT INTO detalle_pedidos VALUES (930, 455, 37, 2, 699999, 0.15, 1189998);
INSERT INTO detalle_pedidos VALUES (931, 456, 26, 3, 24999, 0, 74997);
INSERT INTO detalle_pedidos VALUES (932, 457, 23, 3, 59999, 0, 179997);
INSERT INTO detalle_pedidos VALUES (933, 457, 21, 2, 89999, 0.05, 170998);
INSERT INTO detalle_pedidos VALUES (934, 458, 35, 1, 39999, 0.05, 37999);
INSERT INTO detalle_pedidos VALUES (935, 459, 26, 3, 24999, 0, 74997);
INSERT INTO detalle_pedidos VALUES (936, 459, 1, 2, 899999, 0.1, 1619998);
INSERT INTO detalle_pedidos VALUES (937, 460, 14, 3, 1899999, 0.1, 5129997);
INSERT INTO detalle_pedidos VALUES (938, 460, 21, 3, 89999, 0.1, 242997);
INSERT INTO detalle_pedidos VALUES (939, 460, 2, 1, 1299999, 0, 1299999);
INSERT INTO detalle_pedidos VALUES (940, 460, 18, 1, 249999, 0.05, 237499);
INSERT INTO detalle_pedidos VALUES (941, 460, 36, 2, 249999, 0, 499998);
INSERT INTO detalle_pedidos VALUES (942, 461, 17, 2, 129999, 0, 259998);
INSERT INTO detalle_pedidos VALUES (943, 462, 21, 2, 89999, 0.15, 152998);
INSERT INTO detalle_pedidos VALUES (944, 462, 31, 3, 29999, 0.1, 80997);
INSERT INTO detalle_pedidos VALUES (945, 462, 12, 1, 649999, 0.1, 584999);
INSERT INTO detalle_pedidos VALUES (946, 463, 6, 2, 999999, 0, 1999998);
INSERT INTO detalle_pedidos VALUES (947, 463, 4, 2, 699999, 0.05, 1329998);
INSERT INTO detalle_pedidos VALUES (948, 464, 1, 1, 899999, 0, 899999);
INSERT INTO detalle_pedidos VALUES (949, 464, 25, 3, 14999, 0, 44997);
INSERT INTO detalle_pedidos VALUES (950, 465, 4, 3, 699999, 0.15, 1784997);
INSERT INTO detalle_pedidos VALUES (951, 466, 15, 2, 49999, 0.05, 94998);
INSERT INTO detalle_pedidos VALUES (952, 466, 28, 1, 349999, 0, 349999);
INSERT INTO detalle_pedidos VALUES (953, 467, 26, 2, 24999, 0, 49998);
INSERT INTO detalle_pedidos VALUES (954, 468, 36, 1, 249999, 0.05, 237499);
INSERT INTO detalle_pedidos VALUES (955, 469, 34, 1, 299999, 0, 299999);
INSERT INTO detalle_pedidos VALUES (956, 469, 16, 2, 299999, 0.05, 569998);
INSERT INTO detalle_pedidos VALUES (957, 470, 28, 2, 349999, 0, 699998);
INSERT INTO detalle_pedidos VALUES (958, 470, 24, 2, 34999, 0, 69998);
INSERT INTO detalle_pedidos VALUES (959, 471, 23, 3, 59999, 0.05, 170997);
INSERT INTO detalle_pedidos VALUES (960, 472, 13, 3, 599999, 0, 1799997);
INSERT INTO detalle_pedidos VALUES (961, 472, 24, 1, 34999, 0.15, 29749);
INSERT INTO detalle_pedidos VALUES (962, 472, 10, 1, 899999, 0, 899999);
INSERT INTO detalle_pedidos VALUES (963, 473, 8, 2, 249999, 0.05, 474998);
INSERT INTO detalle_pedidos VALUES (964, 473, 20, 1, 149999, 0, 149999);
INSERT INTO detalle_pedidos VALUES (965, 474, 31, 3, 29999, 0.15, 76497);
INSERT INTO detalle_pedidos VALUES (966, 475, 34, 1, 299999, 0, 299999);
INSERT INTO detalle_pedidos VALUES (967, 476, 18, 2, 249999, 0.15, 424998);
INSERT INTO detalle_pedidos VALUES (968, 476, 4, 1, 699999, 0, 699999);
INSERT INTO detalle_pedidos VALUES (969, 477, 24, 3, 34999, 0.05, 99747);
INSERT INTO detalle_pedidos VALUES (970, 477, 7, 1, 299999, 0.05, 284999);
INSERT INTO detalle_pedidos VALUES (971, 477, 2, 3, 1299999, 0.15, 3314997);
INSERT INTO detalle_pedidos VALUES (972, 477, 19, 1, 29999, 0, 29999);
INSERT INTO detalle_pedidos VALUES (973, 478, 36, 2, 249999, 0, 499998);
INSERT INTO detalle_pedidos VALUES (974, 478, 2, 2, 1299999, 0.05, 2469998);
INSERT INTO detalle_pedidos VALUES (975, 478, 3, 3, 549999, 0, 1649997);
INSERT INTO detalle_pedidos VALUES (976, 478, 16, 1, 299999, 0, 299999);
INSERT INTO detalle_pedidos VALUES (977, 478, 34, 3, 299999, 0, 899997);
INSERT INTO detalle_pedidos VALUES (978, 479, 33, 1, 349999, 0.1, 314999);
INSERT INTO detalle_pedidos VALUES (979, 479, 18, 2, 249999, 0, 499998);
INSERT INTO detalle_pedidos VALUES (980, 479, 4, 1, 699999, 0, 699999);
INSERT INTO detalle_pedidos VALUES (981, 479, 17, 2, 129999, 0.15, 220998);
INSERT INTO detalle_pedidos VALUES (982, 479, 25, 1, 14999, 0, 14999);
INSERT INTO detalle_pedidos VALUES (983, 480, 27, 3, 449999, 0, 1349997);
INSERT INTO detalle_pedidos VALUES (984, 480, 16, 2, 299999, 0, 599998);
INSERT INTO detalle_pedidos VALUES (985, 481, 9, 3, 749999, 0.1, 2024997);
INSERT INTO detalle_pedidos VALUES (986, 482, 34, 1, 299999, 0.15, 254999);
INSERT INTO detalle_pedidos VALUES (987, 482, 9, 3, 749999, 0, 2249997);
INSERT INTO detalle_pedidos VALUES (988, 482, 28, 2, 349999, 0, 699998);
INSERT INTO detalle_pedidos VALUES (989, 483, 10, 2, 899999, 0.05, 1709998);
INSERT INTO detalle_pedidos VALUES (990, 483, 2, 2, 1299999, 0.05, 2469998);
INSERT INTO detalle_pedidos VALUES (991, 483, 21, 3, 89999, 0.15, 229497);
INSERT INTO detalle_pedidos VALUES (992, 484, 2, 3, 1299999, 0.1, 3509997);
INSERT INTO detalle_pedidos VALUES (993, 485, 15, 2, 49999, 0, 99998);
INSERT INTO detalle_pedidos VALUES (994, 485, 2, 3, 1299999, 0.05, 3704997);
INSERT INTO detalle_pedidos VALUES (995, 486, 25, 2, 14999, 0.05, 28498);
INSERT INTO detalle_pedidos VALUES (996, 487, 1, 2, 899999, 0, 1799998);
INSERT INTO detalle_pedidos VALUES (997, 487, 18, 3, 249999, 0.15, 637497);
INSERT INTO detalle_pedidos VALUES (998, 488, 29, 1, 79999, 0.05, 75999);
INSERT INTO detalle_pedidos VALUES (999, 488, 40, 2, 999999, 0, 1999998);
INSERT INTO detalle_pedidos VALUES (1000, 488, 32, 3, 44999, 0.15, 114747);
INSERT INTO detalle_pedidos VALUES (1001, 488, 21, 2, 89999, 0.15, 152998);
INSERT INTO detalle_pedidos VALUES (1002, 488, 30, 2, 69999, 0.05, 132998);
INSERT INTO detalle_pedidos VALUES (1003, 489, 3, 2, 549999, 0.05, 1044998);
INSERT INTO detalle_pedidos VALUES (1004, 489, 34, 1, 299999, 0, 299999);
INSERT INTO detalle_pedidos VALUES (1005, 489, 7, 3, 299999, 0.1, 809997);
INSERT INTO detalle_pedidos VALUES (1006, 490, 4, 2, 699999, 0.05, 1329998);
INSERT INTO detalle_pedidos VALUES (1007, 490, 13, 2, 599999, 0, 1199998);
INSERT INTO detalle_pedidos VALUES (1008, 490, 19, 2, 29999, 0, 59998);
INSERT INTO detalle_pedidos VALUES (1009, 491, 10, 3, 899999, 0.05, 2564997);
INSERT INTO detalle_pedidos VALUES (1010, 491, 30, 1, 69999, 0.15, 59499);
INSERT INTO detalle_pedidos VALUES (1011, 492, 35, 2, 39999, 0.05, 75998);
INSERT INTO detalle_pedidos VALUES (1012, 492, 9, 1, 749999, 0, 749999);
INSERT INTO detalle_pedidos VALUES (1013, 492, 26, 2, 24999, 0.1, 44998);
INSERT INTO detalle_pedidos VALUES (1014, 492, 27, 3, 449999, 0, 1349997);
INSERT INTO detalle_pedidos VALUES (1015, 493, 11, 1, 999999, 0, 999999);
INSERT INTO detalle_pedidos VALUES (1016, 493, 8, 3, 249999, 0.05, 712497);
INSERT INTO detalle_pedidos VALUES (1017, 494, 33, 3, 349999, 0, 1049997);
INSERT INTO detalle_pedidos VALUES (1018, 495, 10, 1, 899999, 0, 899999);
INSERT INTO detalle_pedidos VALUES (1019, 496, 29, 2, 79999, 0.15, 135998);
INSERT INTO detalle_pedidos VALUES (1020, 497, 17, 1, 129999, 0.05, 123499);
INSERT INTO detalle_pedidos VALUES (1021, 498, 14, 3, 1899999, 0.05, 5414997);
INSERT INTO detalle_pedidos VALUES (1022, 498, 38, 2, 299999, 0.05, 569998);
INSERT INTO detalle_pedidos VALUES (1023, 499, 36, 2, 249999, 0.1, 449998);
INSERT INTO detalle_pedidos VALUES (1024, 500, 23, 1, 59999, 0, 59999);